annee,cumul_periode,rss,region,nom_etablissement,nom_installation,no_permis_installation,nb_visites_total,nb_usagers_75ans_et_plus_total,nb_usagers_sante_mentale_total,dms_total,nb_usagers_pec_total,delai_pec_total,nb_visites_ambulatoire,nb_usagers_75ans_et_plus_amb,nb_usagers_sante_mentale_amb,dms_ambulatoire,nb_usagers_pec_ambulatoire,delai_pec_ambulatoire,nb_visites_sur_civiere,nb_usagers_sur_civiere_plus_24h,nb_usagers_sur_civiere_plus_48h,dms_sur_civiere,nb_usagers_pec_sur_civiere,delai_pec_sur_civiere,nb_usagers_75ans_et_plus_civ,nb_usagers_sante_mentale_civ
2022-2023,1,99,Total provincial,Total provincial,Total provincial,,219303,32216,13509,8.800908274,176685,2.5790874516,149711,11072,5597,4.6155254383,107808,3.0414277285,69592,16139,5006,17.804785871,68877,1.8554209073,21144,7912
2023-2024,1,99,Total provincial,Total provincial,Total provincial,,210944,33884,12827,9.1577351072,170981,2.740180868,140673,12402,5073,4.9533288075,101472,3.2481448084,70271,16300,4593,17.574385609,69509,1.998634925,21482,7754
2024-2025,1,99,Total provincial,Total provincial,Total provincial,,343962,55407,20573,8.7129368546,278872,2.8512776411,230573,20111,8266,4.8535238502,166701,3.3757324441,113389,24411,6087,16.560932998,112171,2.0718681671,35296,12307
2025-2026,1,99,Total provincial,Total provincial,Total provincial,,325616,55290,19854,8.7186554698,265365,2.7222192546,215561,20242,7759,4.8099720097,156480,3.1857208198,110055,23013,5031,16.374461343,108885,2.0561153383,35048,12095
2026-2027,1,99,Total provincial,Total provincial,Total provincial,,326633,57655,19893,8.9433721511,261620,2.8504865953,217144,21934,8034,4.8754539422,153319,3.3425350558,109489,24538,5658,17.011068737,108301,2.1539059735,35721,11859
2022-2023,1,08,Abitibi-Témiscamingue,Total régional,Total régional,,7078,694,403,5.7963754278,5810,2.9183628323,5859,362,301,4.5999870095,4601,3.2028481127,1219,128,11,11.546695151,1209,1.8357186839,332,102
2022-2023,1,01,Bas-Saint-Laurent,Total régional,Total régional,,8010,1234,314,4.147608094,6947,1.6861054332,5960,545,201,2.9507697614,4925,1.8454010716,2050,43,2,7.6271966125,2022,1.2981078965,689,113
2022-2023,1,03,Capitale-Nationale,Total régional,Total régional,,23621,3585,1407,7.1357792031,19200,1.736460026,15671,1304,515,3.4043597516,11301,2.1472757327,7950,1359,299,14.491134451,7899,1.1487111589,2281,892
2022-2023,1,12,Chaudière-Appalaches,Total régional,Total régional,,14685,2225,565,5.9288794688,12662,1.643512917,11162,932,305,3.1912528619,9140,1.9411793703,3523,706,72,14.602563314,3522,0.8710338192,1293,260
2022-2023,1,09,Côte-Nord,Total régional,Total régional,,6424,654,293,6.2632244534,5109,2.7646810095,5134,359,182,4.1872849846,3861,2.8572530145,1290,200,85,14.525141688,1248,2.4782863693,295,111
2022-2023,1,05,Estrie,Total régional,Total régional,,14259,2154,833,8.1874695319,11947,2.7638117659,9196,647,273,4.6112789377,6901,3.4948745753,5063,925,240,14.682956142,5046,1.7639971705,1507,560
2022-2023,1,11,Gaspésie-Îles-de-la-Madeleine,Total régional,Total régional,,5617,914,267,5.205408136,5076,1.5233401738,4545,524,178,2.9495697959,4031,1.617320833,1072,159,62,14.769573487,1045,1.1608176502,390,89
2022-2023,1,14,Lanaudière,Total régional,Total régional,,9041,1542,560,9.7824688764,6600,3.2311882997,6139,456,307,5.6240126423,3708,4.1208014953,2902,862,126,18.579423673,2892,2.0905639119,1086,253
2022-2023,1,15,Laurentides,Total régional,Total régional,,11740,1853,857,12.184150743,8802,3.5728615656,7821,626,308,5.9111589879,4905,4.3483144184,3919,1412,579,24.70292301,3897,2.5968296838,1227,549
2022-2023,1,13,Laval,Total régional,Total régional,,5872,998,367,8.9729835093,4420,3.1035165913,3935,291,118,5.3302831427,2486,3.9642844373,1937,412,32,16.373100155,1934,1.9970694014,707,249
2022-2023,1,04,Mauricie et Centre-du-Québec,Total régional,Total régional,,15094,2448,854,7.7474682729,11927,2.9622899258,10085,776,281,4.6415841734,6989,3.6842762834,5009,860,124,14.000780539,4938,1.9404262859,1672,573
2022-2023,1,06,Montréal,Total régional,Total régional,,54534,7112,4013,10.886332018,44913,2.6841737235,34363,1711,1486,5.5861033912,25075,3.3755801374,20171,5438,1958,19.915718578,19838,1.8102441022,5401,2527
2022-2023,1,16,Montérégie,Total régional,Total régional,,23096,4092,1576,11.876036675,16718,3.2541469607,15400,1403,631,5.4511199675,9049,3.8058419899,7696,2623,1082,24.732548799,7669,2.6031770403,2689,945
2022-2023,1,07,Outaouais,Total régional,Total régional,,9219,1143,601,8.1828805245,7126,2.365391602,6869,533,274,3.8350439171,4809,2.3704462697,2350,613,294,20.891514421,2317,2.3549004939,610,327
2022-2023,1,02,Saguenay-Lac-Saint-Jean,Total régional,Total régional,,11013,1568,599,6.3071625453,9428,2.5832066422,7572,603,237,3.8814620385,6027,2.9356139963,3441,399,40,11.644972553,3401,1.9586964618,965,362
2023-2024,1,08,Abitibi-Témiscamingue,Total régional,Total régional,,6535,719,337,6.2072353991,5631,2.6485623236,5190,382,230,4.6261093449,4294,2.9345919371,1345,163,28,12.308383519,1337,1.729930192,337,107
2023-2024,1,01,Bas-Saint-Laurent,Total régional,Total régional,,7755,1336,325,4.2046285909,6852,1.758921726,5776,632,198,3.02940751,4892,1.9085584174,1979,36,0,7.6346826399,1960,1.3854407596,704,127
2023-2024,1,03,Capitale-Nationale,Total régional,Total régional,,22257,3727,1273,7.4348456416,18612,1.8637454181,14462,1388,453,3.6121776994,10860,2.3327972683,7795,1294,304,14.527010334,7752,1.2066371761,2339,820
2023-2024,1,12,Chaudière-Appalaches,Total régional,Total régional,,13767,2251,620,5.7238112677,12202,1.5744805724,10492,1063,316,3.1697049339,8929,1.8649115554,3275,562,77,13.906310093,3273,0.7821621346,1188,304
2023-2024,1,09,Côte-Nord,Total régional,Total régional,,6038,619,271,6.0266899912,4906,2.3808679848,4798,370,181,3.4081959497,3694,2.4937750406,1240,223,113,16.158572581,1212,2.0367436744,249,90
2023-2024,1,05,Estrie,Total régional,Total régional,,14171,2331,820,8.6901371541,11677,3.2131611287,9159,879,272,5.2153320656,6699,4.1424080294,5012,966,209,15.040045336,4978,1.9626538994,1452,548
2023-2024,1,11,Gaspésie-Îles-de-la-Madeleine,Total régional,Total régional,,5863,947,276,5.7520359789,5250,1.8850985714,4630,518,180,3.4755454764,4030,2.034647298,1233,248,59,14.300414752,1220,1.3910974499,429,96
2023-2024,1,14,Lanaudière,Total régional,Total régional,,8808,1574,620,10.479194829,6361,3.8488228615,5791,457,330,6.1350202901,3354,4.8843460545,3017,884,134,18.81764851,3007,2.6938029782,1117,290
2023-2024,1,15,Laurentides,Total régional,Total régional,,11126,2038,789,12.46200002,8479,3.9009345966,7213,763,245,6.5252760833,4602,4.8432921677,3913,1414,505,23.405416773,3877,2.7823559167,1275,544
2023-2024,1,13,Laval,Total régional,Total régional,,5499,1071,335,9.3372690994,4164,2.9576590351,3466,301,81,5.4189275983,2137,3.8352237041,2033,408,28,16.017530606,2027,2.0324712218,770,254
2023-2024,1,04,Mauricie et Centre-du-Québec,Total régional,Total régional,,14017,2539,710,7.2780464991,11285,2.7255802934,9007,829,228,4.2057449144,6363,3.3529107077,5010,754,60,12.801443779,4922,1.9145881304,1710,482
2023-2024,1,06,Montréal,Total régional,Total régional,,52833,7609,3958,11.738994305,43116,2.8050243207,32046,1981,1356,6.2681322595,22652,3.6653216665,20787,5774,1821,20.173075467,20464,1.8527444401,5628,2602
2023-2024,1,16,Montérégie,Total régional,Total régional,,22465,4227,1376,11.415085714,16447,3.6396994386,14845,1579,528,5.9537468283,8871,4.2167386553,7620,2514,833,22.054662584,7576,2.9640242946,2648,848
2023-2024,1,07,Outaouais,Total régional,Total régional,,9072,1259,512,10.497854816,6768,3.3625838915,6614,605,224,5.1056932685,4368,3.3996170381,2458,770,397,25.007112942,2400,3.2951835648,654,288
2023-2024,1,02,Saguenay-Lac-Saint-Jean,Total régional,Total régional,,10738,1637,605,6.0404215041,9231,2.6391142166,7184,655,251,3.8009485199,5727,2.9729164484,3554,290,25,10.567257159,3504,2.0935419045,982,354
2024-2025,1,08,Abitibi-Témiscamingue,Total régional,Total régional,,11220,1303,590,5.8189185235,9545,2.928838659,9203,713,437,4.7770834692,7542,3.2356872993,2017,187,15,10.572516939,2003,1.7734455262,590,153
2024-2025,1,01,Bas-Saint-Laurent,Total régional,Total régional,,13468,2264,543,4.5017512911,11792,2.0195383641,10375,1106,337,3.2681417135,8729,2.2012034916,3093,114,6,8.639707763,3063,1.5018253709,1158,206
2024-2025,1,03,Capitale-Nationale,Total régional,Total régional,,37336,6279,2095,7.2386831819,31269,1.9773805882,24655,2323,768,3.8121225467,18660,2.4493257711,12681,2018,356,13.900764442,12609,1.278951124,3956,1327
2024-2025,1,12,Chaudière-Appalaches,Total régional,Total régional,,23496,3692,1030,6.3734737473,20048,2.1996802951,18473,1791,550,3.7769991639,15032,2.6010344229,5023,988,265,15.922483299,5016,0.9968981481,1901,480
2024-2025,1,09,Côte-Nord,Total régional,Total régional,,10003,1158,515,6.4280889067,8018,3.1118731465,7905,667,328,4.2969907232,5969,3.2848721636,2098,351,133,14.457798697,2049,2.6079048045,491,187
2024-2025,1,05,Estrie,Total régional,Total régional,,22418,3611,1249,8.2611798555,18522,3.5922360646,14696,1251,474,5.6956691163,10856,4.6012625635,7722,1136,119,13.143690322,7666,2.1633302896,2360,775
2024-2025,1,11,Gaspésie-Îles-de-la-Madeleine,Total régional,Total régional,,9205,1538,374,4.5802215282,8257,1.9300201513,7485,962,244,3.3415480591,6554,2.0582227562,1720,131,4,9.9706115956,1703,1.4366320872,576,130
2024-2025,1,14,Lanaudière,Total régional,Total régional,,13924,2547,939,9.928743257,10441,3.2836806819,9085,763,500,5.4012554577,5621,3.9967323924,4839,1441,184,18.428893424,4820,2.4521322038,1784,439
2024-2025,1,15,Laurentides,Total régional,Total régional,,18186,3290,1262,11.97103923,14116,3.5681439501,11682,1123,409,6.0698781126,7652,4.45225159,6504,2113,728,22.570264965,6464,2.5215487057,2167,853
2024-2025,1,13,Laval,Total régional,Total régional,,8456,1583,547,10.31710958,6609,3.3996411879,5225,469,112,5.9614050505,3384,4.4311252298,3231,773,62,17.360921455,3225,2.317302584,1114,435
2024-2025,1,04,Mauricie et Centre-du-Québec,Total régional,Total régional,,22984,4087,1240,7.0805918731,18520,2.933474922,14793,1332,364,4.6307814507,10450,3.710232589,8191,836,59,11.504965647,8070,1.9276363073,2755,876
2024-2025,1,06,Montréal,Total régional,Total régional,,84863,12276,6066,10.54059526,69507,2.5880759772,51957,3232,2144,5.3232397677,36984,3.3315287917,32906,8664,2445,18.77855002,32523,1.7426478526,9044,3922
2024-2025,1,16,Montérégie,Total régional,Total régional,,35513,6781,2391,11.358943618,25691,3.8890197497,21925,2197,882,5.9261778918,12279,4.678364009,13588,4010,1287,20.125015782,13412,3.1663566002,4584,1509
2024-2025,1,07,Outaouais,Total régional,Total régional,,15152,2155,860,9.533897047,11449,3.8100206956,10923,981,362,5.2570149125,7359,3.7330950386,4229,1213,407,20.58057086,4090,3.9484304537,1174,498
2024-2025,1,02,Saguenay-Lac-Saint-Jean,Total régional,Total régional,,17738,2843,872,6.259850384,15088,2.9922267144,12191,1201,355,4.2009958166,9630,3.4098429387,5547,436,17,10.784727981,5458,2.2553919323,1642,517
2025-2026,1,08,Abitibi-Témiscamingue,Total régional,Total régional,,10325,1313,524,6.2948021254,8600,3.0693691214,8277,728,393,5.0222791068,6592,3.4063586755,2048,229,10,11.437708876,2008,1.9630767209,585,131
2025-2026,1,01,Bas-Saint-Laurent,Total régional,Total régional,,12400,2347,497,5.097503853,10781,2.185232482,9361,1176,298,3.5100709504,7778,2.3717226294,3039,226,13,9.9872568645,3003,1.7022087172,1171,199
2025-2026,1,03,Capitale-Nationale,Total régional,Total régional,,36273,6488,2011,7.1058696628,30109,1.9656430801,23983,2447,722,3.8029544191,17908,2.3938708026,12290,1696,247,13.551257481,12201,1.3371124635,4041,1289
2025-2026,1,12,Chaudière-Appalaches,Total régional,Total régional,,22155,3824,978,6.642186765,19415,1.9508650957,17028,1860,527,3.7579431427,14292,2.2975841769,5127,1113,211,16.221453471,5123,0.9835980437,1964,451
2025-2026,1,09,Côte-Nord,Total régional,Total régional,,8597,1014,501,8.6105429543,7348,2.8910716068,6637,565,292,7.148602615,5413,3.048058378,1960,341,77,13.561001134,1935,2.451914298,449,209
2025-2026,1,05,Estrie,Total régional,Total régional,,21082,3744,1183,8.7071399377,17388,3.2827802539,13591,1331,416,5.3947978442,9945,4.1941618904,7491,1398,220,14.716756997,7443,2.0650333274,2413,767
2025-2026,1,11,Gaspésie-Îles-de-la-Madeleine,Total régional,Total régional,,8583,1521,342,5.2107220021,7618,1.8756519282,6844,936,242,3.3238977775,5903,2.0156809155,1739,264,51,12.636498307,1715,1.3936746032,585,100
2025-2026,1,14,Lanaudière,Total régional,Total régional,,14464,2664,916,8.3897657594,11209,2.5856108187,9707,869,472,4.7484210707,6470,3.1031621587,4757,1038,54,15.820191005,4739,1.8790150876,1795,444
2025-2026,1,15,Laurentides,Total régional,Total régional,,17957,3494,1248,11.885282542,13803,3.686205374,11333,1200,396,6.0464769062,7232,4.5485514995,6624,2089,655,21.874893695,6571,2.737112819,2294,852
2025-2026,1,13,Laval,Total régional,Total régional,,7993,1548,588,11.708465949,6255,3.6175171418,4871,431,118,6.0110609275,3142,4.4272141771,3122,1064,150,20.59765873,3113,2.8002771532,1117,470
2025-2026,1,04,Mauricie et Centre-du-Québec,Total régional,Total régional,,21511,3951,1172,6.9238253426,17037,2.7011394318,13582,1291,350,4.2507202138,9262,3.2822767461,7929,827,41,11.50272733,7775,2.0088572705,2660,822
2025-2026,1,06,Montréal,Total régional,Total régional,,79993,11887,5920,10.217762749,66240,2.4651689731,49058,3200,2079,5.1484691363,35603,3.147423953,30935,7627,1957,18.25685782,30637,1.6723261996,8687,3841
2025-2026,1,16,Montérégie,Total régional,Total régional,,33222,6589,2213,10.741612895,24947,3.5234201396,19392,2047,721,5.396456242,11264,4.2609025065,13830,3387,852,18.23642691,13683,2.9163163333,4542,1492
2025-2026,1,07,Outaouais,Total régional,Total régional,,14957,2162,860,9.8233158573,11085,4.0612035784,10869,936,336,5.3056610799,7146,3.8792878689,4088,1239,471,21.83466365,3939,4.3912288793,1226,524
2025-2026,1,02,Saguenay-Lac-Saint-Jean,Total régional,Total régional,,16104,2744,901,6.5249088736,13530,2.8110551655,11028,1225,397,4.2785856456,8530,3.1333169207,5076,475,22,11.405218676,5000,2.2612766111,1519,504
2026-2027,1,08,Abitibi-Témiscamingue,Total régional,Total régional,,9932,1403,562,6.1278303855,8355,2.9007042689,7983,823,391,4.6898510724,6430,3.23130521,1949,251,30,12.01771692,1925,1.7964112554,580,171
2026-2027,1,01,Bas-Saint-Laurent,Total régional,Total régional,,12173,2321,571,5.0670370446,10517,2.1655692371,9225,1163,345,3.4843741042,7625,2.3699801457,2948,207,15,10.019569482,2892,1.6266227716,1158,226
2026-2027,1,03,Capitale-Nationale,Total régional,Total régional,,35583,6611,1860,7.49634415,29156,2.0387706171,23356,2599,685,3.9454635973,17033,2.5124031129,12227,1998,267,14.279231709,12123,1.3733097326,4012,1175
2026-2027,1,12,Chaudière-Appalaches,Total régional,Total régional,,21284,3905,974,7.0315147007,18484,2.0055700876,16234,1942,505,3.8301675667,13445,2.361097558,5050,1181,353,17.322736359,5039,1.0569559106,1963,469
2026-2027,1,09,Côte-Nord,Total régional,Total régional,,8560,1071,529,7.3618334631,7124,3.014747255,6623,588,327,4.5937846226,5219,3.2950337442,1937,410,172,16.826359777,1905,2.2468652668,483,202
2026-2027,1,05,Estrie,Total régional,Total régional,,21291,3806,1071,7.931621812,17327,3.0938700198,14216,1475,412,5.0710606203,10294,3.8727658237,7075,1135,124,13.679429289,7033,1.953822614,2331,659
2026-2027,1,11,Gaspésie-Îles-de-la-Madeleine,Total régional,Total régional,,8309,1502,343,5.9932524639,7314,1.8947327424,6681,925,230,3.5689712119,5705,2.0536148603,1628,369,88,15.942038118,1609,1.3313875078,577,113
2026-2027,1,14,Lanaudière,Total régional,Total régional,,14181,2796,928,9.765042839,10281,3.3543281025,9546,954,492,5.6944575971,5669,4.2227856667,4635,1393,145,18.148604159,4612,2.2868333213,1842,436
2026-2027,1,15,Laurentides,Total régional,Total régional,,18180,3665,1259,11.503751283,13860,3.4176882315,11602,1332,422,5.7514894702,7326,4.2930892635,6578,2166,629,21.649348966,6534,2.4361779835,2333,837
2026-2027,1,13,Laval,Total régional,Total régional,,7847,1675,545,11.719064858,6044,3.8563675638,4647,530,110,6.1183102599,2864,4.9690584264,3200,1008,156,19.852410677,3180,2.8542459818,1145,435
2026-2027,1,04,Mauricie et Centre-du-Québec,Total régional,Total régional,,21866,4252,1172,7.2775891287,16472,2.8693068372,13851,1434,369,4.429355582,8623,3.6818365289,8015,1014,35,12.199720489,7849,1.976652546,2818,803
2026-2027,1,06,Montréal,Total régional,Total régional,,80686,12516,6046,10.593313118,65766,2.5496013011,49064,3465,2134,5.3574546171,34438,3.2784137355,31622,7975,2130,18.717156059,31328,1.7484380409,9051,3912
2026-2027,1,16,Montérégie,Total régional,Total régional,,34182,6822,2311,11.11253765,24731,4.1573708998,21175,2306,819,5.7411878788,11802,4.9045982084,13007,3624,1022,19.856931545,12929,3.475278186,4516,1492
2026-2027,1,10,Nord-du-Québec,Total régional,Total régional,,2007,205,168,3.8337755356,1905,1.0610059784,1686,159,113,2.3064365032,1590,1.030559399,321,25,9,11.855874005,315,1.2146887125,46,55
2026-2027,1,07,Outaouais,Total régional,Total régional,,14003,2142,801,10.530673566,10355,4.4945767209,9861,884,329,5.8801666498,6412,4.13074773,4142,1240,446,21.602293243,3943,5.0862255897,1258,472
2026-2027,1,02,Saguenay-Lac-Saint-Jean,Total régional,Total régional,,16549,2963,753,6.7753634829,13929,3.0006434019,11394,1355,351,4.4965046174,8844,3.3951932572,5155,542,37,11.812282574,5085,2.3144292582,1608,402
2022-2023,1,01,Bas-Saint-Laurent,CISSS DU BAS-SAINT-LAURENT,Total établissement,,8010,1234,314,4.147608094,6947,1.6861054332,5960,545,201,2.9507697614,4925,1.8454010716,2050,43,2,7.6271966125,2022,1.2981078965,689,113
2022-2023,1,02,Saguenay-Lac-Saint-Jean,CIUSSS DU SAGUENAY - LAC-SAINT-JEAN,Total établissement,,11013,1568,599,6.3071625453,9428,2.5832066422,7572,603,237,3.8814620385,6027,2.9356139963,3441,399,40,11.644972553,3401,1.9586964618,965,362
2022-2023,1,03,Capitale-Nationale,CHU DE QUÉBEC - UNIVERSITÉ LAVAL,Total établissement,,14705,2316,1235,8.8200221958,12209,1.759653284,8758,668,409,3.8987119713,6283,2.3425183918,5947,1212,291,16.0675142,5926,1.1416746353,1648,826
2022-2023,1,03,Capitale-Nationale,CIUSSS DE LA CAPITALE-NATIONALE,Total établissement,,7173,765,146,3.4293940239,5374,1.6221243746,6009,461,94,2.5940518851,4238,1.7979597294,1164,49,8,7.741740168,1136,0.9661470559,304,52
2022-2023,1,03,Capitale-Nationale,INSTITUT UNIVERSITAIRE DE CARDIOLOGIE ET DE PNEUMOLOGIE DE QUÉBEC - UNIVERSITÉ LAVAL,Total établissement,,1743,504,26,8.1794439663,1617,1.9413291074,904,175,12,4.0012659784,780,2.4725213675,839,98,0,12.6813187,837,1.4463112306,329,14
2022-2023,1,04,Mauricie et Centre-du-Québec,CIUSSS DE LA MAURICIE-ET-DU-CENTRE-DU-QUÉBEC,Total établissement,,15094,2448,854,7.7474682729,11927,2.9622899258,10085,776,281,4.6415841734,6989,3.6842762834,5009,860,124,14.000780539,4938,1.9404262859,1672,573
2022-2023,1,05,Estrie,CIUSSS DE L'ESTRIE - CENTRE HOSPITALIER UNIVERSITAIRE DE SHERBROOKE,Total établissement,,14259,2154,833,8.1874695319,11947,2.7638117659,9196,647,273,4.6112789377,6901,3.4948745753,5063,925,240,14.682956142,5046,1.7639971705,1507,560
2022-2023,1,06,Montréal,CENTRE HOSPITALIER DE L'UNIVERSITÉ DE MONTRÉAL,Total établissement,,4095,574,346,14.866719577,3161,3.3484415094,2412,128,125,7.7308112217,1496,5.1611259655,1683,674,240,25.093582888,1665,1.7197472472,446,221
2022-2023,1,06,Montréal,CENTRE HOSPITALIER UNIVERSITAIRE SAINTE-JUSTINE,Total établissement,,6417,0,144,5.6216115613,4977,2.912260956,4469,0,67,5.1104966933,3150,3.4474510582,1948,22,1,6.7941846338,1827,1.9895194004,0,77
2022-2023,1,06,Montréal,CENTRE UNIVERSITAIRE DE SANTÉ MCGILL,Total établissement,,11450,850,586,10.530028311,9728,2.6187571957,7903,218,184,6.0025805601,6213,3.1493760842,3547,898,405,20.617544404,3515,1.6808524577,632,402
2022-2023,1,06,Montréal,CIUSSS DE L'EST-DE-L'ÎLE-DE-MONTRÉAL,Total établissement,,6698,1299,718,13.752987666,5031,3.2691950463,3888,290,236,5.580289209,2263,4.4295654736,2810,1040,456,25.06097756,2768,2.3205251485,1009,482
2022-2023,1,06,Montréal,CIUSSS DE L'OUEST-DE-L'ÎLE-DE-MONTRÉAL,Total établissement,,6342,1127,718,11.713554916,5421,2.4077554879,4231,320,278,5.7131225873,3320,2.9080014224,2111,632,284,23.740001711,2101,1.6172669099,807,440
2022-2023,1,06,Montréal,CIUSSS DU CENTRE-OUEST-DE-L'ÎLE-DE-MONTRÉAL,Total établissement,,5490,1006,298,10.15268139,4801,2.4734767641,2063,117,37,4.4431506167,1465,3.0238208191,3427,495,110,13.58972895,3336,2.2317938982,889,261
2022-2023,1,06,Montréal,CIUSSS DU CENTRE-SUD-DE-L'ÎLE-DE-MONTRÉAL,Total établissement,,4551,658,463,12.040698015,4017,2.0806935109,2912,141,196,4.8020437462,2382,2.6639343689,1639,618,185,24.901565148,1635,1.2309811417,517,267
2022-2023,1,06,Montréal,CIUSSS DU NORD-DE-L'ÎLE-DE-MONTRÉAL,Total établissement,,8361,1295,702,10.455754927,6671,2.8415042722,5807,382,332,5.4581296998,4130,3.6639852031,2554,895,250,21.818797094,2541,1.5046895361,913,370
2022-2023,1,06,Montréal,INSTITUT DE CARDIOLOGIE DE MONTRÉAL,Total établissement,,1130,303,38,10.435776057,1106,1.1858340868,678,115,31,3.4186340544,656,1.3853103828,452,164,27,20.961489061,450,0.8950419753,188,7
2022-2023,1,07,Outaouais,CISSS DE L'OUTAOUAIS,Total établissement,,9219,1143,601,8.1828805245,7126,2.365391602,6869,533,274,3.8350439171,4809,2.3704462697,2350,613,294,20.891514421,2317,2.3549004939,610,327
2022-2023,1,08,Abitibi-Témiscamingue,CISSS DE L'ABITIBI-TÉMISCAMINGUE,Total établissement,,7078,694,403,5.7963754278,5810,2.9183628323,5859,362,301,4.5999870095,4601,3.2028481127,1219,128,11,11.546695151,1209,1.8357186839,332,102
2022-2023,1,09,Côte-Nord,CISSS DE LA CÔTE-NORD,Total établissement,,6424,654,293,6.2632244534,5109,2.7646810095,5134,359,182,4.1872849846,3861,2.8572530145,1290,200,85,14.525141688,1248,2.4782863693,295,111
2022-2023,1,11,Gaspésie-Îles-de-la-Madeleine,CISSS DE LA GASPÉSIE,Total établissement,,4587,790,229,5.5197342732,4145,1.5794508109,3669,447,159,3.0567094425,3253,1.6875058066,918,143,62,15.363784495,892,1.1853892626,343,70
2022-2023,1,11,Gaspésie-Îles-de-la-Madeleine,CISSS DES ÎLES,Total établissement,,1030,124,38,3.8055887271,931,1.2735242869,876,77,19,2.5008307965,778,1.3238610397,154,16,0,11.227458514,153,1.0175635439,47,19
2022-2023,1,12,Chaudière-Appalaches,CISSS DE CHAUDIÈRE-APPALACHES,Total établissement,,14685,2225,565,5.9288794688,12662,1.643512917,11162,932,305,3.1912528619,9140,1.9411793703,3523,706,72,14.602563314,3522,0.8710338192,1293,260
2022-2023,1,13,Laval,CISSS DE LAVAL,Total établissement,,5872,998,367,8.9729835093,4420,3.1035165913,3935,291,118,5.3302831427,2486,3.9642844373,1937,412,32,16.373100155,1934,1.9970694014,707,249
2022-2023,1,14,Lanaudière,CISSS DE LANAUDIÈRE,Total établissement,,9041,1542,560,9.7824688764,6600,3.2311882997,6139,456,307,5.6240126423,3708,4.1208014953,2902,862,126,18.579423673,2892,2.0905639119,1086,253
2022-2023,1,15,Laurentides,CISSS DES LAURENTIDES,Total établissement,,11740,1853,857,12.184150743,8802,3.5728615656,7821,626,308,5.9111589879,4905,4.3483144184,3919,1412,579,24.70292301,3897,2.5968296838,1227,549
2022-2023,1,16,Montérégie,CISSS DE LA MONTÉRÉGIE-CENTRE,Total établissement,,8443,1400,656,10.074641814,5331,3.7846481794,5873,484,257,5.2779347579,2766,4.3855786535,2570,766,202,21.036143969,2565,3.1366272471,916,399
2022-2023,1,16,Montérégie,CISSS DE LA MONTÉRÉGIE-EST,Total établissement,,8757,1573,571,11.972387328,6720,3.482328869,5520,537,206,5.2516017512,3501,4.076215129,3237,1043,460,23.433226496,3219,2.8364152946,1036,365
2022-2023,1,16,Montérégie,CISSS DE LA MONTÉRÉGIE-OUEST,Total établissement,,5896,1119,349,14.312507868,4667,2.3196099088,4007,382,168,5.9798090841,2782,2.8891892324,1889,814,420,31.988063202,1885,1.4789893899,737,181
2023-2024,1,01,Bas-Saint-Laurent,CISSS DU BAS-SAINT-LAURENT,Total établissement,,7755,1336,325,4.2046285909,6852,1.758921726,5776,632,198,3.02940751,4892,1.9085584174,1979,36,0,7.6346826399,1960,1.3854407596,704,127
2023-2024,1,02,Saguenay-Lac-Saint-Jean,CIUSSS DU SAGUENAY - LAC-SAINT-JEAN,Total établissement,,10738,1637,605,6.0404215041,9231,2.6391142166,7184,655,251,3.8009485199,5727,2.9729164484,3554,290,25,10.567257159,3504,2.0935419045,982,354
2023-2024,1,03,Capitale-Nationale,CHU DE QUÉBEC - UNIVERSITÉ LAVAL,Total établissement,,13815,2322,1081,9.0400968151,11683,1.8832799557,7965,682,336,4.1057114459,5860,2.5505328024,5850,1110,280,15.758452279,5823,1.2117873089,1640,745
2023-2024,1,03,Capitale-Nationale,CIUSSS DE LA CAPITALE-NATIONALE,Total établissement,,6777,841,153,3.9570743364,5335,1.7840811205,5605,507,89,2.8368054317,4176,1.98632144,1172,89,23,9.3146743458,1159,1.0553877864,334,64
2023-2024,1,03,Capitale-Nationale,INSTITUT UNIVERSITAIRE DE CARDIOLOGIE ET DE PNEUMOLOGIE DE QUÉBEC - UNIVERSITÉ LAVAL,Total établissement,,1665,564,39,8.2710685686,1594,1.9872002649,892,199,28,4.0773854011,824,2.5402642934,773,95,1,13.110351085,770,1.3953499278,365,11
2023-2024,1,04,Mauricie et Centre-du-Québec,CIUSSS DE LA MAURICIE-ET-DU-CENTRE-DU-QUÉBEC,Total établissement,,14017,2539,710,7.2780464991,11285,2.7255802934,9007,829,228,4.2057449144,6363,3.3529107077,5010,754,60,12.801443779,4922,1.9145881304,1710,482
2023-2024,1,05,Estrie,CIUSSS DE L'ESTRIE - CENTRE HOSPITALIER UNIVERSITAIRE DE SHERBROOKE,Total établissement,,14171,2331,820,8.6901371541,11677,3.2131611287,9159,879,272,5.2153320656,6699,4.1424080294,5012,966,209,15.040045336,4978,1.9626538994,1452,548
2023-2024,1,06,Montréal,CENTRE HOSPITALIER DE L'UNIVERSITÉ DE MONTRÉAL,Total établissement,,4489,588,366,13.500171407,3265,3.4931295729,2623,147,110,8.2771693777,1414,5.9984185919,1866,619,87,20.842044034,1851,1.5793107329,441,256
2023-2024,1,06,Montréal,CENTRE HOSPITALIER UNIVERSITAIRE SAINTE-JUSTINE,Total établissement,,5369,0,115,5.698218373,4391,2.5002357094,3451,0,44,5.0671811713,2576,3.2231610162,1918,25,0,6.8336247248,1815,1.4741995715,0,71
2023-2024,1,06,Montréal,CENTRE UNIVERSITAIRE DE SANTÉ MCGILL,Total établissement,,10551,905,535,12.071810887,8829,2.9088272863,7021,246,159,6.5784231828,5354,3.3796221932,3530,953,436,22.997894476,3475,2.1834644285,659,376
2023-2024,1,06,Montréal,CIUSSS DE L'EST-DE-L'ÎLE-DE-MONTRÉAL,Total établissement,,6280,1245,617,14.174049363,4973,2.9254214983,3604,302,227,7.6617573067,2312,4.0576779364,2676,971,304,22.944714748,2661,1.9416646833,943,390
2023-2024,1,06,Montréal,CIUSSS DE L'OUEST-DE-L'ÎLE-DE-MONTRÉAL,Total établissement,,6076,1205,694,14.649735983,5108,2.7122403855,3933,357,254,6.5821705936,2973,3.3659977763,2143,901,431,29.455958418,2135,1.8018793911,848,440
2023-2024,1,06,Montréal,CIUSSS DU CENTRE-OUEST-DE-L'ÎLE-DE-MONTRÉAL,Total établissement,,5414,1048,311,11.629278824,4646,2.5632636198,1702,112,27,3.8751987857,1047,3.0918316884,3712,583,186,15.18462479,3599,2.4094956932,936,284
2023-2024,1,06,Montréal,CIUSSS DU CENTRE-SUD-DE-L'ÎLE-DE-MONTRÉAL,Total établissement,,4808,819,571,11.220023341,4181,2.0567225411,2901,212,213,4.6057149833,2279,2.6905288626,1907,679,111,21.281957554,1902,1.2972879425,607,358
2023-2024,1,06,Montréal,CIUSSS DU NORD-DE-L'ÎLE-DE-MONTRÉAL,Total établissement,,8590,1434,715,11.13859989,6516,3.3692764818,6016,446,294,6.4331407451,3950,4.5448175809,2574,935,260,22.136285289,2566,1.5596945094,988,421
2023-2024,1,06,Montréal,INSTITUT DE CARDIOLOGIE DE MONTRÉAL,Total établissement,,1256,365,34,8.7805882873,1207,1.6663290527,795,159,28,4.1816443047,747,1.925551837,461,108,6,16.711522054,460,1.2453737923,206,6
2023-2024,1,07,Outaouais,CISSS DE L'OUTAOUAIS,Total établissement,,9072,1259,512,10.497854816,6768,3.3625838915,6614,605,224,5.1056932685,4368,3.3996170381,2458,770,397,25.007112942,2400,3.2951835648,654,288
2023-2024,1,08,Abitibi-Témiscamingue,CISSS DE L'ABITIBI-TÉMISCAMINGUE,Total établissement,,6535,719,337,6.2072353991,5631,2.6485623236,5190,382,230,4.6261093449,4294,2.9345919371,1345,163,28,12.308383519,1337,1.729930192,337,107
2023-2024,1,09,Côte-Nord,CISSS DE LA CÔTE-NORD,Total établissement,,6038,619,271,6.0266899912,4906,2.3808679848,4798,370,181,3.4081959497,3694,2.4937750406,1240,223,113,16.158572581,1212,2.0367436744,249,90
2023-2024,1,11,Gaspésie-Îles-de-la-Madeleine,CISSS DE LA GASPÉSIE,Total établissement,,4924,795,253,6.1227188262,4379,2.0584397123,3873,419,166,3.6779676966,3340,2.2330494012,1051,233,59,15.131777936,1039,1.4971342637,376,87
2023-2024,1,11,Gaspésie-Îles-de-la-Madeleine,CISSS DES ÎLES,Total établissement,,939,152,23,3.8082209206,871,1.0136165327,757,99,14,2.4399031264,690,1.0742661031,182,15,0,9.499520757,181,0.7824109883,53,9
2023-2024,1,12,Chaudière-Appalaches,CISSS DE CHAUDIÈRE-APPALACHES,Total établissement,,13767,2251,620,5.7238112677,12202,1.5744805724,10492,1063,316,3.1697049339,8929,1.8649115554,3275,562,77,13.906310093,3273,0.7821621346,1188,304
2023-2024,1,13,Laval,CISSS DE LAVAL,Total établissement,,5499,1071,335,9.3372690994,4164,2.9576590351,3466,301,81,5.4189275983,2137,3.8352237041,2033,408,28,16.017530606,2027,2.0324712218,770,254
2023-2024,1,14,Lanaudière,CISSS DE LANAUDIÈRE,Total établissement,,8808,1574,620,10.479194829,6361,3.8488228615,5791,457,330,6.1350202901,3354,4.8843460545,3017,884,134,18.81764851,3007,2.6938029782,1117,290
2023-2024,1,15,Laurentides,CISSS DES LAURENTIDES,Total établissement,,11126,2038,789,12.46200002,8479,3.9009345966,7213,763,245,6.5252760833,4602,4.8432921677,3913,1414,505,23.405416773,3877,2.7823559167,1275,544
2023-2024,1,16,Montérégie,CISSS DE LA MONTÉRÉGIE-CENTRE,Total établissement,,8240,1464,585,10.379147485,5448,4.2250071892,5666,575,207,5.9065138055,2884,4.8534063415,2574,814,197,20.224501964,2564,3.5181806856,889,378
2023-2024,1,16,Montérégie,CISSS DE LA MONTÉRÉGIE-EST,Total établissement,,8325,1629,473,11.124924925,6296,3.9951653607,5083,582,180,5.7533138785,3082,4.767033492,3242,942,290,19.546855508,3214,3.2549980986,1047,293
2023-2024,1,16,Montérégie,CISSS DE LA MONTÉRÉGIE-OUEST,Total établissement,,5900,1134,318,13.271309369,4703,2.4858040376,4096,422,141,6.2678149414,2905,3.0008493976,1804,758,346,29.172813347,1798,1.6536534421,712,177
2024-2025,1,01,Bas-Saint-Laurent,CISSS DU BAS-SAINT-LAURENT,Total établissement,,13468,2264,543,4.5017512911,11792,2.0195383641,10375,1106,337,3.2681417135,8729,2.2012034916,3093,114,6,8.639707763,3063,1.5018253709,1158,206
2024-2025,1,02,Saguenay-Lac-Saint-Jean,CIUSSS DU SAGUENAY - LAC-SAINT-JEAN,Total établissement,,17738,2843,872,6.259850384,15088,2.9922267144,12191,1201,355,4.2009958166,9630,3.4098429387,5547,436,17,10.784727981,5458,2.2553919323,1642,517
2024-2025,1,03,Capitale-Nationale,CHU DE QUÉBEC - UNIVERSITÉ LAVAL,Total établissement,,22905,4017,1797,8.8418962381,19648,2.008859539,13464,1165,586,4.3519239577,10249,2.6622045782,9441,1774,343,15.24513602,9399,1.2964291414,2852,1211
2024-2025,1,03,Capitale-Nationale,CIUSSS DE LA CAPITALE-NATIONALE,Total établissement,,11581,1358,247,3.8844504888,8926,1.9403855777,9725,850,155,3.0265360754,7094,2.1541474016,1856,89,13,8.3797186303,1832,1.1126419214,508,92
2024-2025,1,03,Capitale-Nationale,INSTITUT UNIVERSITAIRE DE CARDIOLOGIE ET DE PNEUMOLOGIE DE QUÉBEC - UNIVERSITÉ LAVAL,Total établissement,,2850,904,51,7.9838669591,2695,1.8704117708,1466,308,27,4.0658348492,1317,2.3826594533,1384,155,0,12.13403681,1378,1.3808397839,596,24
2024-2025,1,04,Mauricie et Centre-du-Québec,CIUSSS DE LA MAURICIE-ET-DU-CENTRE-DU-QUÉBEC,Total établissement,,22984,4087,1240,7.0805918731,18520,2.933474922,14793,1332,364,4.6307814507,10450,3.710232589,8191,836,59,11.504965647,8070,1.9276363073,2755,876
2024-2025,1,05,Estrie,CIUSSS DE L'ESTRIE - CENTRE HOSPITALIER UNIVERSITAIRE DE SHERBROOKE,Total établissement,,22418,3611,1249,8.2611798555,18522,3.5922360646,14696,1251,474,5.6956691163,10856,4.6012625635,7722,1136,119,13.143690322,7666,2.1633302896,2360,775
2024-2025,1,06,Montréal,CENTRE HOSPITALIER DE L'UNIVERSITÉ DE MONTRÉAL,Total établissement,,7572,1085,573,11.812107105,5591,2.6473586021,4609,289,208,6.6391161013,2645,4.244873451,2963,1004,128,19.858788015,2946,1.2130657389,796,365
2024-2025,1,06,Montréal,CENTRE HOSPITALIER UNIVERSITAIRE SAINTE-JUSTINE,Total établissement,,7751,0,216,4.8487272968,6734,1.720255049,4964,0,76,4.0708179448,4011,2.2029651098,2787,18,1,6.2342823825,2723,1.0092194067,0,140
2024-2025,1,06,Montréal,CENTRE UNIVERSITAIRE DE SANTÉ MCGILL,Total établissement,,16955,1428,847,11.22707107,14585,2.3843806993,11258,385,231,5.6028321095,8939,2.8166196815,5697,1569,746,22.341285959,5646,1.7000405892,1043,616
2024-2025,1,06,Montréal,CIUSSS DE L'EST-DE-L'ÎLE-DE-MONTRÉAL,Total établissement,,10334,2066,959,12.87200608,7622,3.362652847,6076,497,359,5.3322840776,3399,4.7751992416,4258,1550,570,23.630895439,4223,2.2257252611,1569,600
2024-2025,1,06,Montréal,CIUSSS DE L'OUEST-DE-L'ÎLE-DE-MONTRÉAL,Total établissement,,10086,1933,1162,11.621496161,8690,2.6569243383,6441,582,440,5.6902322793,5055,3.3082118365,3645,1216,362,22.102503201,3635,1.7512136635,1351,722
2024-2025,1,06,Montréal,CIUSSS DU CENTRE-OUEST-DE-L'ÎLE-DE-MONTRÉAL,Total établissement,,8789,1643,496,10.998227993,7546,2.6284068086,2895,174,50,3.7623845711,1831,3.0828304205,5894,965,277,14.552311249,5715,2.4828163216,1469,446
2024-2025,1,06,Montréal,CIUSSS DU CENTRE-SUD-DE-L'ÎLE-DE-MONTRÉAL,Total établissement,,7691,1261,786,10.164582701,6473,2.0845754587,4829,326,329,4.9159352638,3623,2.7718599534,2862,820,103,19.020529059,2850,1.210880117,935,457
2024-2025,1,06,Montréal,CIUSSS DU NORD-DE-L'ÎLE-DE-MONTRÉAL,Total établissement,,13665,2297,976,9.9419717445,10307,3.2079853498,9557,710,408,5.6242028821,6214,4.278259754,4108,1374,247,19.986985624,4093,1.5830928143,1587,568
2024-2025,1,06,Montréal,INSTITUT DE CARDIOLOGIE DE MONTRÉAL,Total établissement,,2020,563,51,8.0187073707,1959,1.8461933526,1328,269,43,3.9640455572,1267,2.166995966,692,148,11,15.799908076,692,1.2588278741,294,8
2024-2025,1,07,Outaouais,CISSS DE L'OUTAOUAIS,Total établissement,,15152,2155,860,9.533897047,11449,3.8100206956,10923,981,362,5.2570149125,7359,3.7330950386,4229,1213,407,20.58057086,4090,3.9484304537,1174,498
2024-2025,1,08,Abitibi-Témiscamingue,CISSS DE L'ABITIBI-TÉMISCAMINGUE,Total établissement,,11220,1303,590,5.8189185235,9545,2.928838659,9203,713,437,4.7770834692,7542,3.2356872993,2017,187,15,10.572516939,2003,1.7734455262,590,153
2024-2025,1,09,Côte-Nord,CISSS DE LA CÔTE-NORD,Total établissement,,10003,1158,515,6.4280889067,8018,3.1118731465,7905,667,328,4.2969907232,5969,3.2848721636,2098,351,133,14.457798697,2049,2.6079048045,491,187
2024-2025,1,11,Gaspésie-Îles-de-la-Madeleine,CISSS DE LA GASPÉSIE,Total établissement,,7690,1297,329,4.5775301257,6884,1.9417980502,6231,802,216,3.3445407818,5436,2.0849226862,1459,103,2,9.8432988729,1448,1.4044876074,495,113
2024-2025,1,11,Gaspésie-Îles-de-la-Madeleine,CISSS DES ÎLES,Total établissement,,1515,241,45,4.5938828383,1373,1.8709676701,1254,160,28,3.3266775208,1118,1.9284009143,261,28,2,10.682294593,255,1.6191623094,81,17
2024-2025,1,12,Chaudière-Appalaches,CISSS DE CHAUDIÈRE-APPALACHES,Total établissement,,23496,3692,1030,6.3734737473,20048,2.1996802951,18473,1791,550,3.7769991639,15032,2.6010344229,5023,988,265,15.922483299,5016,0.9968981481,1901,480
2024-2025,1,13,Laval,CISSS DE LAVAL,Total établissement,,8456,1583,547,10.31710958,6609,3.3996411879,5225,469,112,5.9614050505,3384,4.4311252298,3231,773,62,17.360921455,3225,2.317302584,1114,435
2024-2025,1,14,Lanaudière,CISSS DE LANAUDIÈRE,Total établissement,,13924,2547,939,9.928743257,10441,3.2836806819,9085,763,500,5.4012554577,5621,3.9967323924,4839,1441,184,18.428893424,4820,2.4521322038,1784,439
2024-2025,1,15,Laurentides,CISSS DES LAURENTIDES,Total établissement,,18186,3290,1262,11.97103923,14116,3.5681439501,11682,1123,409,6.0698781126,7652,4.45225159,6504,2113,728,22.570264965,6464,2.5215487057,2167,853
2024-2025,1,16,Montérégie,CISSS DE LA MONTÉRÉGIE-CENTRE,Total établissement,,12804,2361,1025,11.208454563,7905,5.0181488861,8766,872,391,6.3721304852,3893,6.1319121928,4038,1480,355,21.707517679,4012,3.9374209316,1489,634
2024-2025,1,16,Montérégie,CISSS DE LA MONTÉRÉGIE-EST,Total établissement,,13210,2643,746,10.164804651,10175,4.1362507508,7263,857,228,5.5316931709,4298,4.769145856,5947,1247,300,15.823168311,5877,3.6733984176,1786,518
2024-2025,1,16,Montérégie,CISSS DE LA MONTÉRÉGIE-OUEST,Total établissement,,9499,1777,620,13.222449,7611,2.3857558869,5896,468,263,5.749095479,4088,3.1987056289,3603,1283,632,25.451950072,3523,1.4424295897,1309,357
2025-2026,1,01,Bas-Saint-Laurent,CISSS DU BAS-SAINT-LAURENT,Total établissement,,12400,2347,497,5.097503853,10781,2.185232482,9361,1176,298,3.5100709504,7778,2.3717226294,3039,226,13,9.9872568645,3003,1.7022087172,1171,199
2025-2026,1,02,Saguenay-Lac-Saint-Jean,CIUSSS DU SAGUENAY - LAC-SAINT-JEAN,Total établissement,,16104,2744,901,6.5249088736,13530,2.8110551655,11028,1225,397,4.2785856456,8530,3.1333169207,5076,475,22,11.405218676,5000,2.2612766111,1519,504
2025-2026,1,03,Capitale-Nationale,CHU DE QUÉBEC - UNIVERSITÉ LAVAL,Total établissement,,22133,4093,1744,8.7739731271,18787,2.0339530733,12799,1151,564,4.4594749156,9518,2.685872674,9334,1516,240,14.690114397,9269,1.3645204745,2942,1180
2025-2026,1,03,Capitale-Nationale,CIUSSS DE LA CAPITALE-NATIONALE,Total établissement,,11282,1447,205,3.6352537227,8644,1.7765696822,9699,989,123,2.8826965552,7084,1.9375007058,1583,55,7,8.2461519969,1560,1.0457777778,458,82
2025-2026,1,03,Capitale-Nationale,INSTITUT UNIVERSITAIRE DE CARDIOLOGIE ET DE PNEUMOLOGIE DE QUÉBEC - UNIVERSITÉ LAVAL,Total établissement,,2858,948,62,7.8880092917,2678,2.0967150029,1485,307,35,4.1549915825,1306,2.7412306449,1373,125,0,11.925541191,1372,1.4832037577,641,27
2025-2026,1,04,Mauricie et Centre-du-Québec,CIUSSS DE LA MAURICIE-ET-DU-CENTRE-DU-QUÉBEC,Total établissement,,21511,3951,1172,6.9238253426,17037,2.7011394318,13582,1291,350,4.2507202138,9262,3.2822767461,7929,827,41,11.50272733,7775,2.0088572705,2660,822
2025-2026,1,05,Estrie,CIUSSS DE L'ESTRIE - CENTRE HOSPITALIER UNIVERSITAIRE DE SHERBROOKE,Total établissement,,21082,3744,1183,8.7071399377,17388,3.2827802539,13591,1331,416,5.3947978442,9945,4.1941618904,7491,1398,220,14.716756997,7443,2.0650333274,2413,767
2025-2026,1,06,Montréal,CENTRE HOSPITALIER DE L'UNIVERSITÉ DE MONTRÉAL,Total établissement,,6895,1116,630,11.747266941,5214,2.7748058646,4030,271,239,6.8597538599,2377,4.3564879867,2865,856,87,18.62219808,2837,1.449582599,845,391
2025-2026,1,06,Montréal,CENTRE HOSPITALIER UNIVERSITAIRE SAINTE-JUSTINE,Total établissement,,6915,0,200,5.2916151281,5864,1.9756397794,4457,0,72,4.4961993618,3465,2.5811616963,2458,26,1,6.7339129599,2399,1.1010531008,0,128
2025-2026,1,06,Montréal,CENTRE UNIVERSITAIRE DE SANTÉ MCGILL,Total établissement,,15906,1418,854,10.452375396,13934,2.2061118487,10475,415,235,5.3587218775,8552,2.5871823355,5431,1362,600,20.276720933,5382,1.6005907036,1003,619
2025-2026,1,06,Montréal,CIUSSS DE L'EST-DE-L'ÎLE-DE-MONTRÉAL,Total établissement,,9810,1893,1066,11.050231283,7366,2.8989757369,5544,431,371,4.6284529321,3131,4.0477715675,4266,1335,234,19.395833529,4235,2.0496534829,1462,695
2025-2026,1,06,Montréal,CIUSSS DE L'OUEST-DE-L'ÎLE-DE-MONTRÉAL,Total établissement,,9506,1846,989,12.821770227,8183,2.8515523375,6132,544,390,6.0066462818,4824,3.532480422,3374,1104,437,25.207763123,3359,1.8736431147,1302,599
2025-2026,1,06,Montréal,CIUSSS DU CENTRE-OUEST-DE-L'ÎLE-DE-MONTRÉAL,Total établissement,,8524,1650,455,10.463252679,7457,2.2946069688,3183,223,57,3.6089278982,2215,2.5638137698,5341,820,264,14.548127379,5242,2.1808539997,1427,398
2025-2026,1,06,Montréal,CIUSSS DU CENTRE-SUD-DE-L'ÎLE-DE-MONTRÉAL,Total établissement,,7442,1217,687,9.5270023366,6451,1.8583077128,4833,340,271,4.5998594731,3849,2.3696880142,2609,690,81,18.654208722,2602,1.1018500726,877,416
2025-2026,1,06,Montréal,CIUSSS DU NORD-DE-L'ÎLE-DE-MONTRÉAL,Total établissement,,12903,2158,976,9.857719415,9771,3.0049914998,9000,682,387,5.2810385802,5878,4.015800206,3903,1284,245,20.411172531,3893,1.4787820019,1476,589
2025-2026,1,06,Montréal,INSTITUT DE CARDIOLOGIE DE MONTRÉAL,Total établissement,,2092,589,63,7.6174478171,2000,1.6755668056,1404,294,57,3.5726745014,1312,1.91626969,688,150,8,15.871607316,688,1.2165520026,295,6
2025-2026,1,07,Outaouais,CISSS DE L'OUTAOUAIS,Total établissement,,14957,2162,860,9.8233158573,11085,4.0612035784,10869,936,336,5.3056610799,7146,3.8792878689,4088,1239,471,21.83466365,3939,4.3912288793,1226,524
2025-2026,1,08,Abitibi-Témiscamingue,CISSS DE L'ABITIBI-TÉMISCAMINGUE,Total établissement,,10325,1313,524,6.2948021254,8600,3.0693691214,8277,728,393,5.0222791068,6592,3.4063586755,2048,229,10,11.437708876,2008,1.9630767209,585,131
2025-2026,1,09,Côte-Nord,CISSS DE LA CÔTE-NORD,Total établissement,,8597,1014,501,8.6105429543,7348,2.8910716068,6637,565,292,7.148602615,5413,3.048058378,1960,341,77,13.561001134,1935,2.451914298,449,209
2025-2026,1,11,Gaspésie-Îles-de-la-Madeleine,CISSS DE LA GASPÉSIE,Total établissement,,7352,1305,297,5.3153131801,6520,1.9835223245,5853,795,215,3.4102157963,5044,2.1373101705,1499,235,44,12.753962271,1476,1.4579763249,510,82
2025-2026,1,11,Gaspésie-Îles-de-la-Madeleine,CISSS DES ÎLES,Total établissement,,1231,216,45,4.5860637242,1098,1.2351100486,991,141,27,2.8140901446,859,1.3014807269,240,29,7,11.902837963,239,0.9965643887,75,18
2025-2026,1,12,Chaudière-Appalaches,CISSS DE CHAUDIÈRE-APPALACHES,Total établissement,,22155,3824,978,6.642186765,19415,1.9508650957,17028,1860,527,3.7579431427,14292,2.2975841769,5127,1113,211,16.221453471,5123,0.9835980437,1964,451
2025-2026,1,13,Laval,CISSS DE LAVAL,Total établissement,,7993,1548,588,11.708465949,6255,3.6175171418,4871,431,118,6.0110609275,3142,4.4272141771,3122,1064,150,20.59765873,3113,2.8002771532,1117,470
2025-2026,1,14,Lanaudière,CISSS DE LANAUDIÈRE,Total établissement,,14464,2664,916,8.3897657594,11209,2.5856108187,9707,869,472,4.7484210707,6470,3.1031621587,4757,1038,54,15.820191005,4739,1.8790150876,1795,444
2025-2026,1,15,Laurentides,CISSS DES LAURENTIDES,Total établissement,,17957,3494,1248,11.885282542,13803,3.686205374,11333,1200,396,6.0464769062,7232,4.5485514995,6624,2089,655,21.874893695,6571,2.737112819,2294,852
2025-2026,1,16,Montérégie,CISSS DE LA MONTÉRÉGIE-CENTRE,Total établissement,,11854,2290,912,9.6091601757,8226,3.9262807291,7521,725,290,5.3059747522,3908,4.7294432361,4333,1078,136,17.078409557,4318,3.1993795996,1565,622
2025-2026,1,16,Montérégie,CISSS DE LA MONTÉRÉGIE-EST,Total établissement,,12661,2682,750,9.9456127303,9645,4.2088406486,6517,848,222,5.4826004211,3571,5.1533024518,6144,1165,163,14.67957289,6074,3.6535767204,1834,528
2025-2026,1,16,Montérégie,CISSS DE LA MONTÉRÉGIE-OUEST,Total établissement,,8707,1617,551,13.440849444,7076,2.1208181019,5354,474,209,5.4187030984,3785,2.9351911786,3353,1144,553,26.250444295,3291,1.1842024545,1143,342
2026-2027,1,01,Bas-Saint-Laurent,CISSS DU BAS-SAINT-LAURENT,Total établissement,,12173,2321,571,5.0670370446,10517,2.1655692371,9225,1163,345,3.4843741042,7625,2.3699801457,2948,207,15,10.019569482,2892,1.6266227716,1158,226
2026-2027,1,02,Saguenay-Lac-Saint-Jean,CIUSSS DU SAGUENAY - LAC-SAINT-JEAN,Total établissement,,16549,2963,753,6.7753634829,13929,3.0006434019,11394,1355,351,4.4965046174,8844,3.3951932572,5155,542,37,11.812282574,5085,2.3144292582,1608,402
2026-2027,1,03,Capitale-Nationale,CHU DE QUÉBEC - UNIVERSITÉ LAVAL,Total établissement,,21833,4140,1585,9.0943965429,18418,2.0233538145,12560,1285,514,4.5061121063,9217,2.6964559751,9273,1742,246,15.30909001,9201,1.3490811687,2855,1071
2026-2027,1,03,Capitale-Nationale,CIUSSS DE LA CAPITALE-NATIONALE,Total établissement,,10913,1466,210,4.1368221642,8123,2.0032336507,9311,967,131,3.1585830977,6548,2.2007533683,1602,115,21,9.8224550909,1575,1.1820532628,499,79
2026-2027,1,03,Capitale-Nationale,INSTITUT UNIVERSITAIRE DE CARDIOLOGIE ET DE PNEUMOLOGIE DE QUÉBEC - UNIVERSITÉ LAVAL,Total établissement,,2837,1005,65,8.1210130028,2615,2.2577432547,1485,347,40,4.1373148148,1268,2.7839072906,1352,141,0,12.49659866,1347,1.7624381341,658,25
2026-2027,1,04,Mauricie et Centre-du-Québec,CIUSSS DE LA MAURICIE-ET-DU-CENTRE-DU-QUÉBEC,Total établissement,,21866,4252,1172,7.2775891287,16472,2.8693068372,13851,1434,369,4.429355582,8623,3.6818365289,8015,1014,35,12.199720489,7849,1.976652546,2818,803
2026-2027,1,05,Estrie,CIUSSS DE L'ESTRIE - CENTRE HOSPITALIER UNIVERSITAIRE DE SHERBROOKE,Total établissement,,21291,3806,1071,7.931621812,17327,3.0938700198,14216,1475,412,5.0710606203,10294,3.8727658237,7075,1135,124,13.679429289,7033,1.953822614,2331,659
2026-2027,1,06,Montréal,CENTRE HOSPITALIER DE L'UNIVERSITÉ DE MONTRÉAL,Total établissement,,7325,1101,752,11.40621551,5579,2.4471360359,4200,302,245,6.7107459656,2474,3.8992853454,3125,857,57,17.716926578,3105,1.2900933977,799,507
2026-2027,1,06,Montréal,CENTRE HOSPITALIER UNIVERSITAIRE SAINTE-JUSTINE,Total établissement,,6545,0,228,5.4484089636,5571,1.8887430443,3985,0,77,4.5324380315,3075,2.5101523939,2560,33,1,6.8742465278,2496,1.123184651,0,151
2026-2027,1,06,Montréal,CENTRE UNIVERSITAIRE DE SANTÉ MCGILL,Total établissement,,16238,1611,896,11.141980711,14006,2.1668572001,10746,460,275,5.6302385384,8558,2.6293979318,5492,1400,624,21.926609513,5448,1.4402743107,1151,621
2026-2027,1,06,Montréal,CIUSSS DE L'EST-DE-L'ÎLE-DE-MONTRÉAL,Total établissement,,10145,2054,1029,11.351151525,7368,3.2579414359,5904,517,385,4.9736349179,3142,4.6747096683,4241,1409,253,20.229448636,4226,2.2045846479,1537,644
2026-2027,1,06,Montréal,CIUSSS DE L'OUEST-DE-L'ÎLE-DE-MONTRÉAL,Total établissement,,9519,1961,934,12.218901554,7924,2.9196291155,5981,573,393,6.0253514834,4404,3.7201089288,3538,1066,352,22.689117204,3520,1.9181197128,1388,541
2026-2027,1,06,Montréal,CIUSSS DU CENTRE-OUEST-DE-L'ÎLE-DE-MONTRÉAL,Total établissement,,8669,1769,495,10.936683842,7498,2.6479353383,3259,226,55,4.0034291364,2197,2.9440801851,5410,925,310,15.113296981,5301,2.5251980758,1543,440
2026-2027,1,06,Montréal,CIUSSS DU CENTRE-SUD-DE-L'ÎLE-DE-MONTRÉAL,Total établissement,,7353,1201,702,10.002807244,6350,2.0966644794,4684,378,258,4.875820761,3686,2.784794568,2669,636,99,19.000486033,2664,1.1445445445,823,444
2026-2027,1,06,Montréal,CIUSSS DU NORD-DE-L'ÎLE-DE-MONTRÉAL,Total établissement,,12792,2251,942,10.760046904,9446,3.0986717188,8842,719,385,5.5335111463,5515,4.0759435378,3950,1470,412,22.459547961,3931,1.7276073377,1532,557
2026-2027,1,06,Montréal,INSTITUT DE CARDIOLOGIE DE MONTRÉAL,Total établissement,,2100,568,68,8.1551353175,2024,1.7665872036,1463,290,61,4.0286521227,1387,1.9834542978,637,179,22,17.632442875,637,1.2943820862,278,7
2026-2027,1,07,Outaouais,CISSS DE L'OUTAOUAIS,Total établissement,,14003,2142,801,10.530673566,10355,4.4945767209,9861,884,329,5.8801666498,6412,4.13074773,4142,1240,446,21.602293243,3943,5.0862255897,1258,472
2026-2027,1,08,Abitibi-Témiscamingue,CISSS DE L'ABITIBI-TÉMISCAMINGUE,Total établissement,,9932,1403,562,6.1278303855,8355,2.9007042689,7983,823,391,4.6898510724,6430,3.23130521,1949,251,30,12.01771692,1925,1.7964112554,580,171
2026-2027,1,09,Côte-Nord,CISSS DE LA CÔTE-NORD,Total établissement,,8560,1071,529,7.3618334631,7124,3.014747255,6623,588,327,4.5937846226,5219,3.2950337442,1937,410,172,16.826359777,1905,2.2468652668,483,202
2026-2027,1,10,Nord-du-Québec,CENTRE RÉGIONAL DE SANTÉ ET DE SERVICES SOCIAUX DE LA BAIE-JAMES,Total établissement,,2007,205,168,3.8337755356,1905,1.0610059784,1686,159,113,2.3064365032,1590,1.030559399,321,25,9,11.855874005,315,1.2146887125,46,55
2026-2027,1,11,Gaspésie-Îles-de-la-Madeleine,CISSS DE LA GASPÉSIE,Total établissement,,7126,1305,303,6.1977421103,6255,1.9469169109,5764,816,204,3.6182698165,4910,2.1088324847,1362,349,88,17.11409916,1345,1.355834779,489,99
2026-2027,1,11,Gaspésie-Îles-de-la-Madeleine,CISSS DES ÎLES,Total établissement,,1183,197,40,4.7614745938,1059,1.5865061379,917,109,26,3.2590942688,795,1.7125852551,266,20,0,9.9407330827,264,1.206836069,88,14
2026-2027,1,12,Chaudière-Appalaches,CISSS DE CHAUDIÈRE-APPALACHES,Total établissement,,21284,3905,974,7.0315147007,18484,2.0055700876,16234,1942,505,3.8301675667,13445,2.361097558,5050,1181,353,17.322736359,5039,1.0569559106,1963,469
2026-2027,1,13,Laval,CISSS DE LAVAL,Total établissement,,7847,1675,545,11.719064858,6044,3.8563675638,4647,530,110,6.1183102599,2864,4.9690584264,3200,1008,156,19.852410677,3180,2.8542459818,1145,435
2026-2027,1,14,Lanaudière,CISSS DE LANAUDIÈRE,Total établissement,,14181,2796,928,9.765042839,10281,3.3543281025,9546,954,492,5.6944575971,5669,4.2227856667,4635,1393,145,18.148604159,4612,2.2868333213,1842,436
2026-2027,1,15,Laurentides,CISSS DES LAURENTIDES,Total établissement,,18180,3665,1259,11.503751283,13860,3.4176882315,11602,1332,422,5.7514894702,7326,4.2930892635,6578,2166,629,21.649348966,6534,2.4361779835,2333,837
2026-2027,1,16,Montérégie,CISSS DE LA MONTÉRÉGIE-CENTRE,Total établissement,,12043,2426,969,10.689005254,7903,4.6294380474,7609,774,300,6.2533612608,3474,5.9085471439,4434,1159,204,18.300826442,4429,3.6261359474,1652,669
2026-2027,1,16,Montérégie,CISSS DE LA MONTÉRÉGIE-EST,Total établissement,,12843,2753,715,10.980393989,9468,4.7758150261,7148,972,250,5.9173115635,3839,5.7097591242,5695,1439,333,17.335251439,5629,4.138861501,1781,465
2026-2027,1,16,Montérégie,CISSS DE LA MONTÉRÉGIE-OUEST,Total établissement,,9296,1643,627,11.843789981,7360,2.8549013813,6418,560,269,4.9378130951,4489,3.4390755179,2878,1026,485,27.244262412,2871,1.9415061535,1083,358
2022-2023,1,01,Bas-Saint-Laurent,CISSS DU BAS-SAINT-LAURENT,CENTRE HOSPITALIER RÉGIONAL DU GRAND-PORTAGE,51218352,1338,229,67,4.7612971267,1125,2.0860602469,984,91,37,3.1832065831,776,2.3294490979,354,3,0,9.147853892,349,1.5448861827,138,30
2022-2023,1,01,Bas-Saint-Laurent,CISSS DU BAS-SAINT-LAURENT,CENTRE MULTISERVICES DE SANTÉ ET DE SERVICES SOCIAUX DE TROIS-PISTOLES,51236156,577,86,15,2.7819540728,508,1.0934640201,491,50,11,2.1995242136,422,1.1722452607,86,1,0,6.1072222222,86,0.7068863049,36,4
2022-2023,1,01,Bas-Saint-Laurent,CISSS DU BAS-SAINT-LAURENT,CLSC DE POHÉNÉGAMOOK,51219418,498,54,15,1.3152487729,443,0.518393529,472,47,12,1.0906497175,419,0.5236601697,26,0,0,5.3925854701,24,0.4264467593,7,3
2022-2023,1,01,Bas-Saint-Laurent,CISSS DU BAS-SAINT-LAURENT,HÔPITAL D'AMQUI,51226892,897,120,26,3.9433274495,810,1.4582952675,486,32,17,3.0274102652,409,1.6829278729,411,3,0,5.0263828062,401,1.2291812136,88,9
2022-2023,1,01,Bas-Saint-Laurent,CISSS DU BAS-SAINT-LAURENT,HÔPITAL DE MATANE,51218980,1123,175,56,4.3509016028,1015,2.1717066229,840,91,32,3.6799417989,740,2.3736452703,283,3,0,6.3424430703,275,1.6283080808,84,24
2022-2023,1,01,Bas-Saint-Laurent,CISSS DU BAS-SAINT-LAURENT,HÔPITAL DE NOTRE-DAME-DU-LAC,51221877,774,110,16,4.0645901522,699,1.3216169925,612,46,11,2.2625403958,538,1.49247057,162,15,1,10.872333676,161,0.7506901311,64,5
2022-2023,1,01,Bas-Saint-Laurent,CISSS DU BAS-SAINT-LAURENT,HÔPITAL NOTRE-DAME-DE-FATIMA,51221141,901,129,30,3.2906384881,837,1.2454911722,727,56,18,2.4186546691,664,1.3196389726,174,1,0,6.9339272031,173,0.9609007707,73,12
2022-2023,1,01,Bas-Saint-Laurent,CISSS DU BAS-SAINT-LAURENT,HÔPITAL RÉGIONAL DE RIMOUSKI,51227882,1902,331,89,5.2878331289,1510,2.138834989,1348,132,63,3.8234794346,957,2.5526042029,554,17,1,8.8509175692,553,1.4227822986,199,26
2022-2023,1,02,Saguenay-Lac-Saint-Jean,CIUSSS DU SAGUENAY - LAC-SAINT-JEAN,HÔPITAL D'ALMA,51219400,2009,312,80,5.0737739893,1637,2.291785787,1524,151,37,3.383019284,1160,2.4152562261,485,37,2,10.386578465,477,1.9915222455,161,43
2022-2023,1,02,Saguenay-Lac-Saint-Jean,CIUSSS DU SAGUENAY - LAC-SAINT-JEAN,HÔPITAL DE CHICOUTIMI,51218394,3486,473,221,7.3629302926,2974,2.5888524621,2016,119,75,4.1405960648,1519,3.5439058957,1470,178,20,11.782131519,1455,1.5917898053,354,146
2022-2023,1,02,Saguenay-Lac-Saint-Jean,CIUSSS DU SAGUENAY - LAC-SAINT-JEAN,HÔPITAL DE DOLBEAU-MISTASSINI,51219384,1203,198,61,4.3257823035,1094,1.8764498273,984,124,33,3.1269483966,877,2.0345654377,219,16,2,9.7123236936,217,1.2374295955,74,28
2022-2023,1,02,Saguenay-Lac-Saint-Jean,CIUSSS DU SAGUENAY - LAC-SAINT-JEAN,HÔPITAL DE LA BAIE,51221364,1217,122,36,5.2923502693,1120,2.4530562996,972,47,20,3.9006921582,875,2.7354511111,245,18,3,10.813540816,245,1.4445034014,75,16
2022-2023,1,02,Saguenay-Lac-Saint-Jean,CIUSSS DU SAGUENAY - LAC-SAINT-JEAN,HÔPITAL ET CENTRE D'HÉBERGEMENT DE ROBERVAL,51228203,1467,202,120,5.7662947815,1323,2.2774374318,1008,88,35,3.4639831349,870,2.5011577267,459,48,8,10.822351731,453,1.8477759382,114,85
2022-2023,1,02,Saguenay-Lac-Saint-Jean,CIUSSS DU SAGUENAY - LAC-SAINT-JEAN,HÔPITAL ET CENTRE DE RÉADAPTATION DE JONQUIÈRE,51224541,1631,261,81,8.2750051093,1280,3.9767677951,1068,74,37,5.1752645131,726,4.3446479951,563,102,5,14.155152457,554,3.4946720818,187,44
2022-2023,1,03,Capitale-Nationale,CHU DE QUÉBEC - UNIVERSITÉ LAVAL,CENTRE HOSPITALIER DE L'UNIVERSITÉ LAVAL,51217594,4926,292,495,7.6347831236,3975,1.7269402516,2875,53,160,4.1724806763,1932,2.5111024845,2051,236,79,12.488083726,2043,0.9853830152,239,335
2022-2023,1,03,Capitale-Nationale,CHU DE QUÉBEC - UNIVERSITÉ LAVAL,HÔPITAL DE L'ENFANT-JÉSUS,51233914,3722,628,514,10.449271598,3324,1.5373596069,2087,194,143,3.748048102,1689,1.9519414841,1635,434,110,19.003065749,1635,1.1090851172,434,371
2022-2023,1,03,Capitale-Nationale,CHU DE QUÉBEC - UNIVERSITÉ LAVAL,HÔPITAL DU SAINT-SACREMENT,51217529,2192,464,60,7.9058343471,1749,2.0799290071,1584,180,24,3.6750315657,1143,2.5284667542,608,167,49,18.928188962,606,1.2339246425,284,36
2022-2023,1,03,Capitale-Nationale,CHU DE QUÉBEC - UNIVERSITÉ LAVAL,HÔPITAL SAINT-FRANÇOIS D'ASSISE,51217602,2634,616,96,9.6860763098,2082,2.0871958053,1592,154,51,4.0588079285,1043,2.7631338553,1042,279,47,18.283591917,1039,1.4086554914,462,45
2022-2023,1,03,Capitale-Nationale,CHU DE QUÉBEC - UNIVERSITÉ LAVAL,L'HÔTEL-DIEU DE QUÉBEC,51217586,1231,316,70,8.4115206697,1079,1.4138077953,620,87,31,3.2967562724,476,1.6760037348,611,96,6,13.601625296,603,1.2068338861,229,39
2022-2023,1,03,Capitale-Nationale,CIUSSS DE LA CAPITALE-NATIONALE,CENTRE MULTISERVICES DE SANTÉ ET DE SERVICES SOCIAUX CHAUVEAU,51225001,2414,137,33,2.9524156541,1688,1.7234718931,2171,110,26,2.7433602027,1449,1.8047095698,243,0,0,4.8201497485,239,1.2309472338,27,7
2022-2023,1,03,Capitale-Nationale,CIUSSS DE LA CAPITALE-NATIONALE,CENTRE MULTISERVICES DE SANTÉ ET DE SERVICES SOCIAUX DE BAIE-SAINT-PAUL,51244804,713,108,15,3.9858956678,565,1.4547890855,570,58,8,2.3631028265,423,1.6560881271,143,7,2,10.454370629,142,0.8551447574,50,7
2022-2023,1,03,Capitale-Nationale,CIUSSS DE LA CAPITALE-NATIONALE,CENTRE MULTISERVICES DE SANTÉ ET DE SERVICES SOCIAUX DE SAINT-MARC-DES-CARRIÈRES,51247344,933,113,19,2.9144370013,743,1.4302781516,740,56,12,2.1574155405,550,1.6533535354,193,2,0,5.8170063328,193,0.7945710996,57,7
2022-2023,1,03,Capitale-Nationale,CIUSSS DE LA CAPITALE-NATIONALE,CENTRE MULTISERVICES DE SANTÉ ET DE SERVICES SOCIAUX DE SAINT-RAYMOND,51247302,1265,161,20,3.4523065437,953,1.8491931911,997,83,10,2.5846093837,692,2.1662576268,268,6,0,6.6802694859,261,1.0085472542,78,10
2022-2023,1,03,Capitale-Nationale,CIUSSS DE LA CAPITALE-NATIONALE,CENTRE MULTISERVICES DE SANTÉ ET DE SERVICES SOCIAUX DE SAINTE-ANNE-DE-BEAUPRÉ,51225357,1049,123,26,3.1994984641,747,1.6484638554,892,81,19,2.6182660688,604,1.7631985835,157,3,0,6.5017869781,143,1.1638500389,42,7
2022-2023,1,03,Capitale-Nationale,CIUSSS DE LA CAPITALE-NATIONALE,HÔPITAL ET CLSC DE LA MALBAIE,51228690,799,123,33,5.2407471144,678,1.3712975254,639,73,19,2.7793705443,520,1.5977638889,160,31,6,15.070869792,158,0.6259651899,50,14
2022-2023,1,03,Capitale-Nationale,INSTITUT UNIVERSITAIRE DE CARDIOLOGIE ET DE PNEUMOLOGIE DE QUÉBEC - UNIVERSITÉ LAVAL,INSTITUT UNIVERSITAIRE DE CARDIOLOGIE ET DE PNEUMOLOGIE DE QUÉBEC,51232130,1743,504,26,8.1794439663,1617,1.9413291074,904,175,12,4.0012659784,780,2.4725213675,839,98,0,12.6813187,837,1.4463112306,329,14
2022-2023,1,04,Mauricie et Centre-du-Québec,CIUSSS DE LA MAURICIE-ET-DU-CENTRE-DU-QUÉBEC,CENTRE MULTISERVICES DE SANTÉ ET DE SERVICES SOCIAUX AVELLIN-DALCOURT,51233583,1261,168,24,5.7650299586,1081,3.3692273101,1031,89,14,4.8394533355,855,3.8727534113,230,10,0,9.9140277778,226,1.4642944936,79,10
2022-2023,1,04,Mauricie et Centre-du-Québec,CIUSSS DE LA MAURICIE-ET-DU-CENTRE-DU-QUÉBEC,CENTRE MULTISERVICES DE SANTÉ ET DE SERVICES SOCIAUX CHRIST-ROI,51246338,1501,154,47,5.6839236805,1095,4.2602016743,1278,71,26,4.7666308033,881,4.619796002,223,22,2,10.940875685,214,2.7798156802,83,21
2022-2023,1,04,Mauricie et Centre-du-Québec,CIUSSS DE LA MAURICIE-ET-DU-CENTRE-DU-QUÉBEC,CENTRE MULTISERVICES DE SANTÉ ET DE SERVICES SOCIAUX DE FORTIERVILLE,51219160,961,60,21,2.4698303272,807,1.8791047088,884,51,17,2.3271414656,731,1.9249183007,77,0,0,4.107972583,76,1.4384502924,9,4
2022-2023,1,04,Mauricie et Centre-du-Québec,CIUSSS DE LA MAURICIE-ET-DU-CENTRE-DU-QUÉBEC,CENTRE MULTISERVICES DE SANTÉ ET DE SERVICES SOCIAUX DU HAUT-SAINT-MAURICE,51219731,730,125,52,5.0341076865,627,2.298013025,538,74,28,3.4107858323,436,2.50995158,192,7,0,9.5827907986,191,1.814216114,51,24
2022-2023,1,04,Mauricie et Centre-du-Québec,CIUSSS DE LA MAURICIE-ET-DU-CENTRE-DU-QUÉBEC,HÔPITAL DU CENTRE-DE-LA-MAURICIE,51220051,1994,391,170,6.9177685835,1684,2.0446786751,1198,96,40,3.788302263,892,2.628743149,796,82,2,11.627694026,792,1.3868686869,295,130
2022-2023,1,04,Mauricie et Centre-du-Québec,CIUSSS DE LA MAURICIE-ET-DU-CENTRE-DU-QUÉBEC,HÔPITAL SAINTE-CROIX,51228781,2681,373,180,8.8459581831,2053,3.4370846187,1695,118,52,6.0854498525,1087,4.3855195237,986,157,13,13.591456784,966,2.3698498965,255,128
2022-2023,1,04,Mauricie et Centre-du-Québec,CIUSSS DE LA MAURICIE-ET-DU-CENTRE-DU-QUÉBEC,HÔTEL-DIEU D'ARTHABASKA,51228039,2218,379,129,7.295545286,1826,2.1347496045,1346,102,27,3.7855167575,965,2.7970192861,872,147,15,12.713548038,861,1.3924845141,277,102
2022-2023,1,04,Mauricie et Centre-du-Québec,CIUSSS DE LA MAURICIE-ET-DU-CENTRE-DU-QUÉBEC,PAVILLON SAINTE-MARIE,51220168,3748,798,231,11.045636191,2754,3.5109870491,2115,175,77,5.6210027581,1142,5.302702374,1633,435,92,18.071416786,1612,2.241670113,623,154
2022-2023,1,05,Estrie,CIUSSS DE L'ESTRIE - CENTRE HOSPITALIER UNIVERSITAIRE DE SHERBROOKE,CENTRE MULTISERVICES DE SANTÉ ET DE SERVICES SOCIAUX DE LA MRC DE COATICOOK,51247617,940,63,32,2.1703664303,852,1.2992957746,713,28,18,1.9073418264,630,1.3268121693,227,0,0,2.9965186001,222,1.2212087087,35,14
2022-2023,1,05,Estrie,CIUSSS DE L'ESTRIE - CENTRE HOSPITALIER UNIVERSITAIRE DE SHERBROOKE,CENTRE MULTISERVICES DE SANTÉ ET DE SERVICES SOCIAUX DE MEMPHRÉMAGOG,51219046,1329,257,49,7.2430210685,1165,2.1247794468,970,116,25,3.3072322451,807,2.2933550186,359,78,39,17.877325132,358,1.7447780881,141,24
2022-2023,1,05,Estrie,CIUSSS DE L'ESTRIE - CENTRE HOSPITALIER UNIVERSITAIRE DE SHERBROOKE,CENTRE MULTISERVICES DE SANTÉ ET DE SERVICES SOCIAUX DES SOURCES,51247583,1070,116,32,5.8093431983,848,3.5594274109,923,65,24,4.7830730107,704,3.8581597222,147,14,4,12.253202948,144,2.0989583333,51,8
2022-2023,1,05,Estrie,CIUSSS DE L'ESTRIE - CENTRE HOSPITALIER UNIVERSITAIRE DE SHERBROOKE,CENTRE MULTISERVICES DE SANTÉ ET DE SERVICES SOCIAUX DU GRANIT,51223832,911,144,24,6.2294060251,752,3.2918144208,725,64,16,4.645289272,567,3.6363977072,186,24,3,12.404054659,185,2.2357132132,80,8
2022-2023,1,05,Estrie,CIUSSS DE L'ESTRIE - CENTRE HOSPITALIER UNIVERSITAIRE DE SHERBROOKE,CHUS - HÔPITAL FLEURIMONT,51216687,3000,376,84,7.8208111111,2557,2.64621301,1660,66,33,5.3257931727,1217,4.1810052041,1340,131,9,10.911654229,1340,1.252300995,310,51
2022-2023,1,05,Estrie,CIUSSS DE L'ESTRIE - CENTRE HOSPITALIER UNIVERSITAIRE DE SHERBROOKE,CHUS - HÔTEL-DIEU DE SHERBROOKE,51216695,3041,547,397,10.463948263,2569,2.7445828468,1456,97,63,5.0944139194,985,4.2227241963,1585,321,90,15.396466877,1584,1.8254103535,450,334
2022-2023,1,05,Estrie,CIUSSS DE L'ESTRIE - CENTRE HOSPITALIER UNIVERSITAIRE DE SHERBROOKE,HÔPITAL BROME-MISSISQUOI-PERKINS,51229185,1649,293,58,9.9307467489,1374,2.8788634158,1200,101,28,4.5837083333,929,3.1759314077,449,147,68,24.221272581,445,2.2586922597,192,30
2022-2023,1,05,Estrie,CIUSSS DE L'ESTRIE - CENTRE HOSPITALIER UNIVERSITAIRE DE SHERBROOKE,HÔPITAL DE GRANBY,51228120,2319,358,157,9.2837089742,1830,3.3717452945,1549,110,66,5.3557305789,1062,4.1953026261,770,210,27,17.185577201,768,2.2329199219,248,91
2022-2023,1,06,Montréal,CENTRE HOSPITALIER DE L'UNIVERSITÉ DE MONTRÉAL,CENTRE HOSPITALIER DE L'UNIVERSITÉ DE MONTRÉAL,51236297,4095,574,346,14.866719577,3161,3.3484415094,2412,128,125,7.7308112217,1496,5.1611259655,1683,674,240,25.093582888,1665,1.7197472472,446,221
2022-2023,1,06,Montréal,CENTRE HOSPITALIER UNIVERSITAIRE SAINTE-JUSTINE,CHU SAINTE-JUSTINE,51222800,6417,0,144,5.6216115613,4977,2.912260956,4469,0,67,5.1104966933,3150,3.4474510582,1948,22,1,6.7941846338,1827,1.9895194004,0,77
2022-2023,1,06,Montréal,CENTRE UNIVERSITAIRE DE SANTÉ MCGILL,HÔPITAL DE LACHINE,51228310,1111,107,25,5.652530253,1026,2.4163336582,940,53,10,3.6140854019,855,2.4434161793,171,37,9,16.858016569,171,2.2809210526,54,15
2022-2023,1,06,Montréal,CENTRE UNIVERSITAIRE DE SANTÉ MCGILL,HÔPITAL GÉNÉRAL DE MONTRÉAL,51248219,1991,319,273,16.695076316,1711,1.8399301903,843,42,67,5.7695456043,571,2.8867445028,1148,363,184,24.717918118,1140,1.3156047758,277,206
2022-2023,1,06,Montréal,CENTRE UNIVERSITAIRE DE SANTÉ MCGILL,HÔPITAL ROYAL VICTORIA,51223295,3091,423,80,15.555730616,2353,4.0811444019,2040,123,41,8.2291819172,1318,5.2345500337,1051,453,206,29.776624379,1035,2.612363124,300,39
2022-2023,1,06,Montréal,CENTRE UNIVERSITAIRE DE SANTÉ MCGILL,L'HÔPITAL DE MONTRÉAL POUR ENFANTS,51223279,5257,1,208,6.2709154989,4638,2.2089388386,4080,0,66,5.487719567,3469,2.5743686141,1177,45,6,8.985817285,1169,1.1245283243,1,142
2022-2023,1,06,Montréal,CIUSSS DE L'EST-DE-L'ÎLE-DE-MONTRÉAL,HÔPITAL MAISONNEUVE-ROSEMONT,12934659,4170,745,341,14.244079137,2949,3.6988247429,2442,175,78,5.9924574575,1260,5.0337674162,1728,616,314,25.905225051,1689,2.7029527663,570,263
2022-2023,1,06,Montréal,CIUSSS DE L'EST-DE-L'ÎLE-DE-MONTRÉAL,HÔPITAL SANTA CABRINI,51235919,2207,539,56,11.872837059,1767,2.8826628624,1307,114,19,5.046676018,870,3.9774042146,900,310,101,21.785939815,897,1.820873591,425,37
2022-2023,1,06,Montréal,CIUSSS DE L'EST-DE-L'ÎLE-DE-MONTRÉAL,INSTITUT UNIVERSITAIRE EN SANTÉ MENTALE DE MONTRÉAL,51235307,321,15,321,20.300155763,315,1.4153042328,139,1,139,3.3566746603,133,1.6632936508,182,114,41,33.240506716,182,1.2340811966,14,182
2022-2023,1,06,Montréal,CIUSSS DE L'OUEST-DE-L'ÎLE-DE-MONTRÉAL,CENTRE HOSPITALIER DE ST. MARY,51248243,2071,365,153,9.2120560384,1973,1.8450770119,1369,92,63,4.9461261261,1273,2.1449764336,702,157,17,17.53122705,700,1.2996884921,273,90
2022-2023,1,06,Montréal,CIUSSS DE L'OUEST-DE-L'ÎLE-DE-MONTRÉAL,HÔPITAL DE LASALLE,51224392,1555,251,42,10.569066631,1196,2.8612551096,1180,84,11,4.9739500942,827,3.323637982,375,146,81,28.175033333,369,1.8249661247,167,31
2022-2023,1,06,Montréal,CIUSSS DE L'OUEST-DE-L'ÎLE-DE-MONTRÉAL,HÔPITAL DOUGLAS,51235190,351,9,332,6.5540242165,308,1.9889430014,198,7,179,3.3226010101,155,1.9693458781,153,7,0,10.735866013,153,2.0087962963,2,153
2022-2023,1,06,Montréal,CIUSSS DE L'OUEST-DE-L'ÎLE-DE-MONTRÉAL,HÔPITAL GÉNÉRAL DU LAKESHORE,51228278,2365,502,191,15.42234085,1944,2.7661779835,1484,137,25,7.327384696,1065,3.6339084507,881,322,186,29.05788561,879,1.7148321957,365,166
2022-2023,1,06,Montréal,CIUSSS DU CENTRE-OUEST-DE-L'ÎLE-DE-MONTRÉAL,HÔPITAL GÉNÉRAL JUIF,51248250,5490,1006,298,10.15268139,4801,2.4734767641,2063,117,37,4.4431506167,1465,3.0238208191,3427,495,110,13.58972895,3336,2.2317938982,889,261
2022-2023,1,06,Montréal,CIUSSS DU CENTRE-SUD-DE-L'ÎLE-DE-MONTRÉAL,HÔPITAL DE VERDUN,51218097,2394,380,186,9.1363147452,2140,1.9913811007,1570,90,80,4.1221010262,1317,2.479850038,824,253,31,18.690095739,823,1.2097120967,290,106
2022-2023,1,06,Montréal,CIUSSS DU CENTRE-SUD-DE-L'ÎLE-DE-MONTRÉAL,HÔPITAL NOTRE-DAME,51236313,2157,278,277,15.264199892,1877,2.1825201267,1342,51,116,5.5975057957,1065,2.8915766823,815,365,154,31.181627471,812,1.2525383142,227,161
2022-2023,1,06,Montréal,CIUSSS DU NORD-DE-L'ÎLE-DE-MONTRÉAL,HÔPITAL DU SACRÉ-COEUR-DE-MONTRÉAL,12475976,3836,729,204,12.057902981,3182,2.7369462777,2511,201,99,5.9950080756,1864,3.6536668455,1325,510,180,23.547660797,1318,1.4404613472,528,105
2022-2023,1,06,Montréal,CIUSSS DU NORD-DE-L'ÎLE-DE-MONTRÉAL,HÔPITAL EN SANTÉ MENTALE ALBERT-PRÉVOST,51848752,239,13,238,19.358994654,238,0.4596031746,122,5,121,4.6352641166,121,0.5317745638,117,73,32,34.711944444,117,0.3849643875,8,117
2022-2023,1,06,Montréal,CIUSSS DU NORD-DE-L'ÎLE-DE-MONTRÉAL,HÔPITAL FLEURY,51228492,1832,274,58,10.144280689,1323,3.2893161586,1349,103,32,5.4435270983,843,3.9911674575,483,207,31,23.273300552,480,2.0566898148,171,26
2022-2023,1,06,Montréal,CIUSSS DU NORD-DE-L'ÎLE-DE-MONTRÉAL,HÔPITAL JEAN-TALON,51228500,2454,279,202,7.3167600516,1928,3.0008097049,1825,73,80,4.7852458143,1302,3.7580069124,629,105,7,14.661773538,626,1.4259362797,206,122
2022-2023,1,06,Montréal,INSTITUT DE CARDIOLOGIE DE MONTRÉAL,INSTITUT DE CARDIOLOGIE DE MONTRÉAL,51248201,1130,303,38,10.435776057,1106,1.1858340868,678,115,31,3.4186340544,656,1.3853103828,452,164,27,20.961489061,450,0.8950419753,188,7
2022-2023,1,07,Outaouais,CISSS DE L'OUTAOUAIS,CENTRE MULTISERVICES DE SANTÉ ET DE SERVICES SOCIAUX DE MANSFIELD-ET-PONTEFRACT,51245058,633,53,17,3.144692382,602,1.2302251753,618,51,17,2.9876357425,587,1.239912455,15,0,0,9.6154259259,15,0.8511296296,2,0
2022-2023,1,07,Outaouais,CISSS DE L'OUTAOUAIS,CLSC ET CENTRE D'HÉBERGEMENT DE LA PETITE-NATION,51219491,550,79,24,2.5165707071,490,1.0244370748,504,65,21,2.3409011243,444,1.0692861612,46,0,0,4.4412983092,46,0.5915458937,14,3
2022-2023,1,07,Outaouais,CISSS DE L'OUTAOUAIS,HÔPITAL DE GATINEAU,51221703,2389,283,334,11.285806707,1535,3.3719131379,1507,97,92,4.5774168694,668,3.8494070193,882,271,115,22.74787415,867,3.0040170447,186,242
2022-2023,1,07,Outaouais,CISSS DE L'OUTAOUAIS,HÔPITAL DE HULL,51221711,1998,335,82,11.547327466,1456,2.536404533,1361,107,56,4.631368275,823,2.8953668827,637,201,118,26.323811704,633,2.0696967702,228,26
2022-2023,1,07,Outaouais,CISSS DE L'OUTAOUAIS,HÔPITAL DE MANIWAKI,51221893,775,115,33,6.3887537634,700,1.9280035714,508,63,17,3.3084169948,438,1.9693061898,267,37,15,12.249469413,262,1.8589556828,52,16
2022-2023,1,07,Outaouais,CISSS DE L'OUTAOUAIS,HÔPITAL ET CHSLD DE PAPINEAU,51228823,1375,160,60,7.5377228283,1018,2.5980179,1028,59,27,3.1901432123,674,2.8497832179,347,89,45,20.417584054,344,2.1047335271,101,33
2022-2023,1,07,Outaouais,CISSS DE L'OUTAOUAIS,HÔPITAL ET CHSLD DU PONTIAC,51219459,613,56,24,4.3626608664,554,1.9361737866,588,49,23,4.2303462774,530,1.9611215933,25,0,0,7.4747,24,1.3852430556,7,1
2022-2023,1,07,Outaouais,CISSS DE L'OUTAOUAIS,HÔPITAL ET CHSLD MÉMORIAL DE WAKEFIELD / WAKEFIELD MEMORIAL HOSPITAL,51228799,886,62,27,4.5597683095,771,2.1754788154,755,42,21,3.5333741722,645,2.201378553,131,15,1,10.475245971,126,2.0428968254,20,6
2022-2023,1,08,Abitibi-Témiscamingue,CISSS DE L'ABITIBI-TÉMISCAMINGUE,CENTRE MULTISERVICES DE SANTÉ ET DE SERVICES SOCIAUX DE LA SARRE,51247559,1095,140,58,5.7100870117,969,2.516708233,915,85,49,4.6730758956,792,2.6977409512,180,12,2,10.981560185,177,1.7066635279,55,9
2022-2023,1,08,Abitibi-Témiscamingue,CISSS DE L'ABITIBI-TÉMISCAMINGUE,CENTRE MULTISERVICES DE SANTÉ ET DE SERVICES SOCIAUX DE TÉMISCAMING-KIPAWA,51247476,276,18,25,2.4022624799,266,0.9228519215,273,16,25,2.2522588523,263,0.9060551331,3,1,0,16.052592593,3,2.3953703704,2,0
2022-2023,1,08,Abitibi-Témiscamingue,CISSS DE L'ABITIBI-TÉMISCAMINGUE,CENTRE MULTISERVICES DE SANTÉ ET DE SERVICES SOCIAUX DE VILLE-MARIE,51247542,766,66,39,5.0668167972,650,3.0865081197,688,47,31,4.6490532138,574,3.1656639566,78,3,0,8.7517058405,76,2.4886732456,19,8
2022-2023,1,08,Abitibi-Témiscamingue,CISSS DE L'ABITIBI-TÉMISCAMINGUE,HÔPITAL D'AMOS,51228906,1331,109,49,3.8268415561,1200,1.3104277778,1044,46,38,2.3919242231,915,1.4137337583,287,23,3,9.046540844,285,0.9787612086,63,11
2022-2023,1,08,Abitibi-Témiscamingue,CISSS DE L'ABITIBI-TÉMISCAMINGUE,HÔPITAL DE ROUYN-NORANDA,51228922,1740,192,117,7.2793180077,1248,4.0338951211,1404,81,80,5.8543312757,915,4.6104684274,336,43,4,13.233726852,333,2.4496171171,111,37
2022-2023,1,08,Abitibi-Témiscamingue,CISSS DE L'ABITIBI-TÉMISCAMINGUE,HÔPITAL DE VAL-D'OR,51225589,1870,169,115,6.6686922163,1477,3.8310592041,1535,87,78,5.3064457112,1142,4.4064489687,335,46,2,12.910627695,335,1.8695812604,82,37
2022-2023,1,09,Côte-Nord,CISSS DE LA CÔTE-NORD,CENTRE MULTISERVICES DE SANTÉ ET DE SERVICES SOCIAUX DE FERMONT,51245108,401,0,18,7.0290939318,346,0.78977842,382,0,17,7.1633864165,327,0.8094639823,19,0,0,4.3291081871,19,0.4509795322,0,1
2022-2023,1,09,Côte-Nord,CISSS DE LA CÔTE-NORD,CENTRE MULTISERVICES DE SANTÉ ET DE SERVICES SOCIAUX DE FORESTVILLE,51218741,655,95,28,3.2874686175,566,1.8893904594,590,73,23,2.9357989642,509,1.9725643964,65,1,0,6.4795470085,57,1.1466617934,22,5
2022-2023,1,09,Côte-Nord,CISSS DE LA CÔTE-NORD,CENTRE MULTISERVICES DE SANTÉ ET DE SERVICES SOCIAUX DE LA BASSE-CÔTE-NORD,51245140,198,24,11,3.3400925926,191,1.1570549738,163,20,10,3.0829925017,156,1.216980057,35,0,0,4.5374444444,35,0.8899603175,4,1
2022-2023,1,09,Côte-Nord,CISSS DE LA CÔTE-NORD,CENTRE MULTISERVICES DE SANTÉ ET DE SERVICES SOCIAUX DE LA MINGANIE,51245116,800,62,20,2.7379930556,468,2.1807822887,558,40,7,1.6889307049,233,2.3308440629,242,5,0,5.1569054178,235,2.0319976359,22,13
2022-2023,1,09,Côte-Nord,CISSS DE LA CÔTE-NORD,CENTRE MULTISERVICES DE SANTÉ ET DE SERVICES SOCIAUX DE PORT-CARTIER,51245132,1045,58,46,5.1227174375,851,3.1561254733,966,41,38,4.5189492754,773,3.2895181113,79,7,3,12.505502813,78,1.8341702279,17,8
2022-2023,1,09,Côte-Nord,CISSS DE LA CÔTE-NORD,CENTRE MULTISERVICES DE SANTÉ ET DE SERVICES SOCIAUX DES ESCOUMINS,51218733,542,82,9,3.2111746617,465,1.2241845878,479,62,7,2.4764926931,405,1.2189801097,63,3,0,8.7970899471,60,1.2593148148,20,2
2022-2023,1,09,Côte-Nord,CISSS DE LA CÔTE-NORD,CLSC ET HÔPITAL LE ROYER,51228765,1381,189,87,8.7255760721,1198,3.4774223242,1027,72,46,5.0154941577,844,3.8899624803,354,89,36,19.489005807,354,2.4938520088,117,41
2022-2023,1,09,Côte-Nord,CISSS DE LA CÔTE-NORD,HÔPITAL ET CLSC DE SEPT-ÎLES,51232023,1402,144,74,9.463299255,1024,4.022883572,969,51,34,5.037747678,614,4.4146181687,433,95,46,19.367131768,410,3.4362371274,93,40
2022-2023,1,11,Gaspésie-Îles-de-la-Madeleine,CISSS DE LA GASPÉSIE,CENTRE MULTISERVICES DE SANTÉ ET DE SERVICES SOCIAUX DE GRANDE-VALLÉE,51247732,318,46,5,1.6672196017,252,0.7113458995,290,37,5,1.1908563218,227,0.729422418,28,2,0,6.6009821429,25,0.5472111111,9,0
2022-2023,1,11,Gaspésie-Îles-de-la-Madeleine,CISSS DE LA GASPÉSIE,CLSC ET CENTRE DE SERVICES AMBULATOIRES DE MURDOCHVILLE,51221307,99,6,4,2.9493181818,96,1.3140653935,97,5,4,2.8567153494,94,1.3078073286,2,0,0,7.4405555556,2,1.6081944444,1,0
2022-2023,1,11,Gaspésie-Îles-de-la-Madeleine,CISSS DE LA GASPÉSIE,CLSC ET CENTRE DE SERVICES AMBULATOIRES DE PASPÉBIAC,51220978,830,143,36,3.5998219545,752,1.6547565751,642,82,30,2.9108242471,580,1.7559425287,188,4,0,5.9526758274,172,1.3135481266,61,6
2022-2023,1,11,Gaspésie-Îles-de-la-Madeleine,CISSS DE LA GASPÉSIE,HÔPITAL DE CHANDLER,51227775,877,141,45,4.9314943621,794,1.662297789,743,83,40,3.442795723,661,1.7385753908,134,9,1,13.185995025,133,1.2832038429,58,5
2022-2023,1,11,Gaspésie-Îles-de-la-Madeleine,CISSS DE LA GASPÉSIE,HÔPITAL DE GASPÉ,51220903,769,137,43,5.4531671724,677,1.5764561792,599,79,23,3.5457234279,511,1.7861486193,170,20,1,12.174101307,166,0.930957162,58,20
2022-2023,1,11,Gaspésie-Îles-de-la-Madeleine,CISSS DE LA GASPÉSIE,HÔPITAL ET CLSC DE SAINTE-ANNE-DES-MONTS,51247799,762,130,41,4.9534273841,703,1.3753338865,614,70,28,2.2639648932,556,1.4393435252,148,25,12,16.111062312,147,1.1332294029,60,13
2022-2023,1,11,Gaspésie-Îles-de-la-Madeleine,CISSS DE LA GASPÉSIE,HÔPITAL ET GROUPE DE MÉDECINE DE FAMILLE UNIVERSITAIRE DE MARIA,51227908,932,187,55,9.8885115641,871,1.8863974997,684,91,29,3.8770585608,624,2.1158680556,248,83,48,26.468486783,247,1.3066824112,96,26
2022-2023,1,11,Gaspésie-Îles-de-la-Madeleine,CISSS DES ÎLES,HÔPITAL DE L'ARCHIPEL,51227783,1030,124,38,3.8055887271,931,1.2735242869,876,77,19,2.5008307965,778,1.3238610397,154,16,0,11.227458514,153,1.0175635439,47,19
2022-2023,1,12,Chaudière-Appalaches,CISSS DE CHAUDIÈRE-APPALACHES,CHSLD ET HÔPITAL PAUL-GILBERT,51245199,2768,172,48,2.6578984024,2097,2.0067719758,2581,159,47,2.5814404408,1910,2.1271400524,187,0,0,3.7131818182,187,0.7773440285,13,1
2022-2023,1,12,Chaudière-Appalaches,CISSS DE CHAUDIÈRE-APPALACHES,HÔPITAL DE MONTMAGNY,51245223,2009,312,56,4.4378958575,1861,1.2383039286,1534,132,28,2.2143745473,1386,1.4110780423,475,48,0,11.618699415,475,0.7341672515,180,28
2022-2023,1,12,Chaudière-Appalaches,CISSS DE CHAUDIÈRE-APPALACHES,HÔPITAL DE SAINT-GEORGES,51228971,2628,427,121,7.1365788305,2218,2.1787709147,1817,145,68,3.906806855,1408,2.6920494003,811,146,12,14.37270174,810,1.2865534979,282,53
2022-2023,1,12,Chaudière-Appalaches,CISSS DE CHAUDIÈRE-APPALACHES,HÔPITAL DE THETFORD,51245231,2406,396,69,6.4754080078,2135,1.8332327609,1894,199,39,4.2940909891,1623,2.0831327446,512,97,11,14.544576823,512,1.0410693359,197,30
2022-2023,1,12,Chaudière-Appalaches,CISSS DE CHAUDIÈRE-APPALACHES,HÔTEL-DIEU DE LÉVIS,51227569,4874,918,271,7.4801064036,4351,1.2758010291,3336,297,123,3.0963848088,2813,1.6183639452,1538,415,49,16.988620864,1538,0.6492539012,621,148
2022-2023,1,13,Laval,CISSS DE LAVAL,HÔPITAL DE LA CITÉ-DE-LA-SANTÉ,51228757,5872,998,367,8.9729835093,4420,3.1035165913,3935,291,118,5.3302831427,2486,3.9642844373,1937,412,32,16.373100155,1934,1.9970694014,707,249
2022-2023,1,14,Lanaudière,CISSS DE LANAUDIÈRE,HÔPITAL DE LANAUDIÈRE ET CENTRE D'HÉBERGEMENT PARPHILIA-FERLAND,51244945,4268,709,294,9.0693604863,3482,2.168159104,2858,194,212,5.1001583275,2079,2.7982076052,1410,361,70,17.11473621,1403,1.234537697,515,82
2022-2023,1,14,Lanaudière,CISSS DE LANAUDIÈRE,HÔPITAL PIERRE-LE GARDEUR,51228062,4773,833,266,10.420127919,3118,4.4183171192,3281,262,95,6.0803295066,1629,5.8087528136,1492,501,56,19.963612228,1489,2.8971487202,571,171
2022-2023,1,15,Laurentides,CISSS DES LAURENTIDES,CENTRE MULTISERVICES DE SANTÉ ET DE SERVICES SOCIAUX D'ARGENTEUIL,51245306,1254,153,42,8.3029804625,1026,3.1137478341,1020,77,29,4.938412854,794,3.5136247551,234,77,36,22.969044397,232,1.7452035441,76,13
2022-2023,1,15,Laurentides,CISSS DES LAURENTIDES,CENTRE MULTISERVICES DE SANTÉ ET DE SERVICES SOCIAUX DE RIVIÈRE-ROUGE,51217628,920,89,44,5.2338692633,819,2.185972731,739,42,21,3.1591084048,641,2.2449024961,181,27,4,13.704854205,178,1.9737593633,47,23
2022-2023,1,15,Laurentides,CISSS DES LAURENTIDES,CENTRE MULTISERVICES DE SANTÉ ET DE SERVICES SOCIAUX DE SAINTE-AGATHE,51246874,1837,337,127,12.565797042,1511,3.2592174057,1213,122,37,5.848220436,889,4.0231664792,624,241,99,25.624163105,622,2.167335209,215,90
2022-2023,1,15,Laurentides,CISSS DES LAURENTIDES,HÔPITAL DE MONT-LAURIER,51217610,1142,134,62,8.1355725822,902,2.972172949,899,69,34,5.369032567,663,3.1692060499,243,61,24,18.370632144,239,2.4255915853,65,28
2022-2023,1,15,Laurentides,CISSS DES LAURENTIDES,HÔPITAL DE SAINT-EUSTACHE,51228864,3129,563,192,13.063691808,2120,3.5660980084,1934,147,65,6.4187593359,929,5.5113278914,1195,458,180,23.817917248,1191,2.0487860341,416,127
2022-2023,1,15,Laurentides,CISSS DES LAURENTIDES,HÔPITAL DE SAINT-JÉRÔME,51228880,3458,577,390,15.779163614,2424,4.6607282499,2016,169,122,7.2048015873,989,6.3719711268,1442,548,236,27.766621205,1435,3.4813420441,408,268
2022-2023,1,16,Montérégie,CISSS DE LA MONTÉRÉGIE-CENTRE,HÔPITAL CHARLES-LE MOYNE,51233799,4750,815,430,9.6173931579,2666,4.819032779,3249,271,179,5.5037950993,1165,5.8428071054,1501,430,24,18.521510474,1501,4.02443112,544,251
2022-2023,1,16,Montérégie,CISSS DE LA MONTÉRÉGIE-CENTRE,HÔPITAL DU HAUT-RICHELIEU,51229045,3693,585,226,10.662762885,2665,2.749875443,2624,213,78,4.9982776507,1601,3.3251969255,1069,336,178,24.566981083,1064,1.8841896408,372,148
2022-2023,1,16,Montérégie,CISSS DE LA MONTÉRÉGIE-EST,HÔPITAL HONORÉ-MERCIER,51229193,3070,585,209,9.5929867897,2278,3.4004158131,2224,230,97,4.9120703437,1432,4.1531230602,846,277,91,21.898374704,846,2.1263297872,355,112
2022-2023,1,16,Montérégie,CISSS DE LA MONTÉRÉGIE-EST,HÔPITAL PIERRE-BOUCHER,51229011,3500,660,239,15.539463492,2553,4.4675071811,1783,174,63,5.9954049043,849,5.889237338,1717,561,292,25.450387465,1704,3.7591451487,486,176
2022-2023,1,16,Montérégie,CISSS DE LA MONTÉRÉGIE-EST,HÔTEL-DIEU DE SOREL,51229102,2187,328,123,9.6038427831,1889,2.2496331098,1513,133,46,4.8741508776,1220,2.7242577413,674,205,77,20.221088856,669,1.3840994021,195,77
2022-2023,1,16,Montérégie,CISSS DE LA MONTÉRÉGIE-OUEST,HÔPITAL ANNA-LABERGE,51229151,2430,495,140,18.235004801,1846,2.154115505,1589,151,38,8.4927491085,1005,3.0078413488,841,439,226,36.642191835,841,1.133908046,344,102
2022-2023,1,16,Montérégie,CISSS DE LA MONTÉRÉGIE-OUEST,HÔPITAL BARRIE MEMORIAL / BARRIE MEMORIAL HOSPITAL,51228005,1207,146,29,6.1035821136,970,3.0494816724,989,80,27,4.0518340636,753,2.8738767154,218,51,1,15.411741845,217,3.6588389657,66,2
2022-2023,1,16,Montérégie,CISSS DE LA MONTÉRÉGIE-OUEST,HÔPITAL DU SUROÎT,51229136,2259,478,180,14.479177119,1851,2.1021745003,1429,151,103,4.5198409921,1024,2.7839987522,830,324,193,31.626034137,827,1.2579326213,327,77
2023-2024,1,01,Bas-Saint-Laurent,CISSS DU BAS-SAINT-LAURENT,CENTRE HOSPITALIER RÉGIONAL DU GRAND-PORTAGE,51218352,1157,220,61,4.7919734947,1000,1.9734319444,840,84,41,3.1536554233,684,2.185865822,317,2,0,9.1332579741,316,1.5136067159,136,20
2023-2024,1,01,Bas-Saint-Laurent,CISSS DU BAS-SAINT-LAURENT,CENTRE MULTISERVICES DE SANTÉ ET DE SERVICES SOCIAUX DE TROIS-PISTOLES,51236156,615,95,15,3.541732159,564,1.4299793144,519,62,11,2.537965639,469,1.5240813788,96,3,0,8.9683449074,95,0.9654122807,33,4
2023-2024,1,01,Bas-Saint-Laurent,CISSS DU BAS-SAINT-LAURENT,CLSC DE POHÉNÉGAMOOK,51219418,596,69,11,1.8345502424,569,0.9240368092,566,59,10,1.6124813506,539,0.9253452896,30,0,0,6.02425,30,0.9005277778,10,1
2023-2024,1,01,Bas-Saint-Laurent,CISSS DU BAS-SAINT-LAURENT,HÔPITAL D'AMQUI,51226892,819,132,30,3.7818104735,758,1.2587181179,442,48,14,2.5555354449,389,1.3777263639,377,4,0,5.2195122311,369,1.1332595604,84,16
2023-2024,1,01,Bas-Saint-Laurent,CISSS DU BAS-SAINT-LAURENT,HÔPITAL DE MATANE,51218980,1061,211,51,4.74196408,940,2.5522709811,788,103,30,4.1679438099,670,2.8624340796,273,6,0,6.3988431013,270,1.7826069959,108,21
2023-2024,1,01,Bas-Saint-Laurent,CISSS DU BAS-SAINT-LAURENT,HÔPITAL DE NOTRE-DAME-DU-LAC,51221877,744,126,28,3.4136779421,677,1.1414065321,593,74,17,2.0067767472,527,1.2453831963,151,7,0,8.9387932303,150,0.7761018519,52,11
2023-2024,1,01,Bas-Saint-Laurent,CISSS DU BAS-SAINT-LAURENT,HÔPITAL NOTRE-DAME-DE-FATIMA,51221141,917,159,33,3.4327302193,856,1.3650853453,718,90,16,2.5029893996,657,1.4631515305,199,0,0,6.7872724735,199,1.0413190955,69,17
2023-2024,1,01,Bas-Saint-Laurent,CISSS DU BAS-SAINT-LAURENT,HÔPITAL RÉGIONAL DE RIMOUSKI,51227882,1846,324,96,5.4035251896,1488,2.3198428166,1310,112,59,3.9831047498,957,2.6714800302,536,14,0,8.8750751451,531,1.6861011718,212,37
2023-2024,1,02,Saguenay-Lac-Saint-Jean,CIUSSS DU SAGUENAY - LAC-SAINT-JEAN,HÔPITAL D'ALMA,51219400,2062,299,97,4.7595737687,1637,2.7238452793,1538,148,43,3.667282004,1124,2.9438169731,524,6,0,7.9655751696,513,2.2418800087,151,54
2023-2024,1,02,Saguenay-Lac-Saint-Jean,CIUSSS DU SAGUENAY - LAC-SAINT-JEAN,HÔPITAL DE CHICOUTIMI,51218394,3325,500,237,7.1341411863,2917,2.5808426656,1873,146,79,3.9436124459,1474,3.4180103272,1452,151,11,11.249747475,1443,1.7256901132,354,158
2023-2024,1,02,Saguenay-Lac-Saint-Jean,CIUSSS DU SAGUENAY - LAC-SAINT-JEAN,HÔPITAL DE DOLBEAU-MISTASSINI,51219384,1226,215,36,4.3456167301,1101,2.0657553739,1015,132,19,3.2984630542,891,2.2402051378,211,14,4,9.3828725645,210,1.3255899471,83,17
2023-2024,1,02,Saguenay-Lac-Saint-Jean,CIUSSS DU SAGUENAY - LAC-SAINT-JEAN,HÔPITAL DE LA BAIE,51221364,1145,152,34,4.8047299854,1033,2.4248757664,890,67,23,3.6248536205,782,2.6700131429,255,8,0,8.9227298475,251,1.6611409916,85,11
2023-2024,1,02,Saguenay-Lac-Saint-Jean,CIUSSS DU SAGUENAY - LAC-SAINT-JEAN,HÔPITAL ET CENTRE D'HÉBERGEMENT DE ROBERVAL,51228203,1418,197,108,5.8306738756,1273,2.1131120712,956,75,42,3.2740068573,817,2.2804338365,462,50,10,11.121093074,456,1.8133272417,122,66
2023-2024,1,02,Saguenay-Lac-Saint-Jean,CIUSSS DU SAGUENAY - LAC-SAINT-JEAN,HÔPITAL ET CENTRE DE RÉADAPTATION DE JONQUIÈRE,51224541,1562,274,93,7.8295442097,1270,3.8623035871,912,87,45,5.0168180434,639,4.275129108,650,61,0,11.776015385,631,3.4442441451,187,48
2023-2024,1,03,Capitale-Nationale,CHU DE QUÉBEC - UNIVERSITÉ LAVAL,CENTRE HOSPITALIER DE L'UNIVERSITÉ LAVAL,51217594,4436,364,448,8.2118390567,3601,2.1102197692,2489,87,137,4.6810036382,1659,3.2488572433,1947,207,79,12.725577812,1942,1.137511443,277,311
2023-2024,1,03,Capitale-Nationale,CHU DE QUÉBEC - UNIVERSITÉ LAVAL,HÔPITAL DE L'ENFANT-JÉSUS,51233914,3704,604,458,10.044083348,3348,1.5675228992,2031,179,124,3.869508042,1687,2.0068522361,1673,367,103,17.539936574,1661,1.1213166433,425,334
2023-2024,1,03,Capitale-Nationale,CHU DE QUÉBEC - UNIVERSITÉ LAVAL,HÔPITAL DU SAINT-SACREMENT,51217529,2034,487,55,7.7309570633,1653,1.9963677153,1399,208,26,3.5383329362,1019,2.4093051467,635,155,25,16.967935258,634,1.332671749,279,29
2023-2024,1,03,Capitale-Nationale,CHU DE QUÉBEC - UNIVERSITÉ LAVAL,HÔPITAL SAINT-FRANÇOIS D'ASSISE,51217602,2420,590,73,10.660952709,1978,2.0943784406,1448,147,31,4.2810811848,1008,2.8126488095,972,315,72,20.165123457,970,1.3479696449,443,42
2023-2024,1,03,Capitale-Nationale,CHU DE QUÉBEC - UNIVERSITÉ LAVAL,L'HÔTEL-DIEU DE QUÉBEC,51217586,1221,277,47,7.9718775594,1103,1.552779037,598,61,18,3.4161696395,487,1.8079597308,623,66,1,12.34477216,616,1.3510371573,216,29
2023-2024,1,03,Capitale-Nationale,CIUSSS DE LA CAPITALE-NATIONALE,CENTRE MULTISERVICES DE SANTÉ ET DE SERVICES SOCIAUX CHAUVEAU,51225001,2221,132,38,2.9728548202,1562,1.8809067791,1900,101,25,2.7460915205,1245,2.0895941544,321,0,0,4.3150674974,317,1.061298633,31,13
2023-2024,1,03,Capitale-Nationale,CIUSSS DE LA CAPITALE-NATIONALE,CENTRE MULTISERVICES DE SANTÉ ET DE SERVICES SOCIAUX DE BAIE-SAINT-PAUL,51244804,724,148,22,5.7882581338,584,2.0829756469,590,90,9,3.1283870056,452,2.2819137168,134,28,8,17.499631012,132,1.401763468,58,13
2023-2024,1,03,Capitale-Nationale,CIUSSS DE LA CAPITALE-NATIONALE,CENTRE MULTISERVICES DE SANTÉ ET DE SERVICES SOCIAUX DE SAINT-MARC-DES-CARRIÈRES,51247344,934,133,23,2.7783767547,807,1.3298605948,749,77,16,2.145499555,627,1.5169891901,185,3,0,5.3406741742,180,0.678029321,56,7
2023-2024,1,03,Capitale-Nationale,CIUSSS DE LA CAPITALE-NATIONALE,CENTRE MULTISERVICES DE SANTÉ ET DE SERVICES SOCIAUX DE SAINT-RAYMOND,51247302,1160,172,25,4.0525435824,980,1.8948078231,907,84,10,3.0133657969,729,2.1639243256,253,5,1,7.7779754062,251,1.113190571,88,15
2023-2024,1,03,Capitale-Nationale,CIUSSS DE LA CAPITALE-NATIONALE,CENTRE MULTISERVICES DE SANTÉ ET DE SERVICES SOCIAUX DE SAINTE-ANNE-DE-BEAUPRÉ,51225357,890,106,21,3.8785783396,701,1.8823050404,780,67,16,3.0714825499,591,1.9895290468,110,7,2,9.6016212121,110,1.306219697,39,5
2023-2024,1,03,Capitale-Nationale,CIUSSS DE LA CAPITALE-NATIONALE,HÔPITAL ET CLSC DE LA MALBAIE,51228690,848,150,24,6.2214553852,701,1.5892062926,679,88,13,3.0944239895,532,1.7997065581,169,46,12,18.785090401,169,0.9265664037,62,11
2023-2024,1,03,Capitale-Nationale,INSTITUT UNIVERSITAIRE DE CARDIOLOGIE ET DE PNEUMOLOGIE DE QUÉBEC - UNIVERSITÉ LAVAL,INSTITUT UNIVERSITAIRE DE CARDIOLOGIE ET DE PNEUMOLOGIE DE QUÉBEC,51232130,1665,564,39,8.2710685686,1594,1.9872002649,892,199,28,4.0773854011,824,2.5402642934,773,95,1,13.110351085,770,1.3953499278,365,11
2023-2024,1,04,Mauricie et Centre-du-Québec,CIUSSS DE LA MAURICIE-ET-DU-CENTRE-DU-QUÉBEC,CENTRE MULTISERVICES DE SANTÉ ET DE SERVICES SOCIAUX AVELLIN-DALCOURT,51233583,1255,208,25,4.7501117751,1031,2.8516475375,1054,117,20,3.8388467215,834,3.1760091926,201,8,0,9.5285862355,197,1.4784616469,91,5
2023-2024,1,04,Mauricie et Centre-du-Québec,CIUSSS DE LA MAURICIE-ET-DU-CENTRE-DU-QUÉBEC,CENTRE MULTISERVICES DE SANTÉ ET DE SERVICES SOCIAUX CHRIST-ROI,51246338,1237,146,30,4.9804691009,998,3.1740675796,1027,71,24,3.9289340582,791,3.4000614553,210,13,3,10.12297619,207,2.3104871176,75,6
2023-2024,1,04,Mauricie et Centre-du-Québec,CIUSSS DE LA MAURICIE-ET-DU-CENTRE-DU-QUÉBEC,CENTRE MULTISERVICES DE SANTÉ ET DE SERVICES SOCIAUX DE FORTIERVILLE,51219160,756,65,18,2.3111055996,609,1.8096811713,712,54,16,2.2416296036,566,1.8432027876,44,0,0,3.4353535354,43,1.3684431525,11,2
2023-2024,1,04,Mauricie et Centre-du-Québec,CIUSSS DE LA MAURICIE-ET-DU-CENTRE-DU-QUÉBEC,CENTRE MULTISERVICES DE SANTÉ ET DE SERVICES SOCIAUX DU HAUT-SAINT-MAURICE,51219731,621,92,42,6.3918612453,539,2.8136028654,445,40,18,4.1509144819,366,2.9696493625,176,23,0,12.057891414,173,2.4834698137,52,24
2023-2024,1,04,Mauricie et Centre-du-Québec,CIUSSS DE LA MAURICIE-ET-DU-CENTRE-DU-QUÉBEC,HÔPITAL DU CENTRE-DE-LA-MAURICIE,51220051,2017,428,130,8.4559611359,1679,2.9648691351,1248,145,25,4.7750267094,912,3.9814327485,769,141,15,14.429701271,767,1.7561259597,283,105
2023-2024,1,04,Mauricie et Centre-du-Québec,CIUSSS DE LA MAURICIE-ET-DU-CENTRE-DU-QUÉBEC,HÔPITAL SAINTE-CROIX,51228781,2372,361,143,8.02269592,1809,2.8395038695,1331,88,30,4.9166739711,807,3.6822439075,1041,139,5,11.993988152,1002,2.1607701264,273,113
2023-2024,1,04,Mauricie et Centre-du-Québec,CIUSSS DE LA MAURICIE-ET-DU-CENTRE-DU-QUÉBEC,HÔTEL-DIEU D'ARTHABASKA,51228039,2326,420,124,5.6273980128,1919,1.9426430143,1381,122,34,3.5491451444,993,2.4497943941,945,49,0,8.6645061728,926,1.3987970962,298,90
2023-2024,1,04,Mauricie et Centre-du-Québec,CIUSSS DE LA MAURICIE-ET-DU-CENTRE-DU-QUÉBEC,PAVILLON SAINTE-MARIE,51220168,3433,819,198,10.195971292,2701,3.031902279,1809,192,61,4.948641054,1094,4.4158160674,1624,381,37,16.041057745,1607,2.0897730416,627,137
2023-2024,1,05,Estrie,CIUSSS DE L'ESTRIE - CENTRE HOSPITALIER UNIVERSITAIRE DE SHERBROOKE,CENTRE MULTISERVICES DE SANTÉ ET DE SERVICES SOCIAUX DE LA MRC DE COATICOOK,51247617,1189,109,27,2.9213823474,968,1.9927628558,977,75,21,2.7127786307,760,2.1790862573,212,0,0,3.882730608,208,1.311965812,34,6
2023-2024,1,05,Estrie,CIUSSS DE L'ESTRIE - CENTRE HOSPITALIER UNIVERSITAIRE DE SHERBROOKE,CENTRE MULTISERVICES DE SANTÉ ET DE SERVICES SOCIAUX DE MEMPHRÉMAGOG,51219046,1458,260,54,6.3021262003,1238,2.8068277688,1090,114,23,3.972445209,878,2.9900183498,368,58,13,13.202540006,360,2.3600462963,146,31
2023-2024,1,05,Estrie,CIUSSS DE L'ESTRIE - CENTRE HOSPITALIER UNIVERSITAIRE DE SHERBROOKE,CENTRE MULTISERVICES DE SANTÉ ET DE SERVICES SOCIAUX DES SOURCES,51247583,1025,164,42,5.6336233062,879,3.6090680698,875,110,26,4.8012873016,732,3.9295309654,150,11,0,10.488916667,147,2.0132936508,54,16
2023-2024,1,05,Estrie,CIUSSS DE L'ESTRIE - CENTRE HOSPITALIER UNIVERSITAIRE DE SHERBROOKE,CENTRE MULTISERVICES DE SANTÉ ET DE SERVICES SOCIAUX DU GRANIT,51223832,975,147,34,5.7758675214,767,3.0646874547,792,94,23,4.4239688552,586,3.4056551005,183,17,1,11.62670765,181,1.9607811541,53,11
2023-2024,1,05,Estrie,CIUSSS DE L'ESTRIE - CENTRE HOSPITALIER UNIVERSITAIRE DE SHERBROOKE,CHUS - HÔPITAL FLEURIMONT,51216687,2761,412,58,9.1750030182,2302,3.1211048364,1420,94,18,6.6025,963,5.6756317065,1341,162,7,11.899055431,1339,1.2839058999,318,40
2023-2024,1,05,Estrie,CIUSSS DE L'ESTRIE - CENTRE HOSPITALIER UNIVERSITAIRE DE SHERBROOKE,CHUS - HÔTEL-DIEU DE SHERBROOKE,51216695,2896,575,388,11.475385589,2435,2.8214236824,1393,149,80,5.6448312994,933,4.5158628081,1503,337,99,16.879219339,1502,1.7688859299,426,308
2023-2024,1,05,Estrie,CIUSSS DE L'ESTRIE - CENTRE HOSPITALIER UNIVERSITAIRE DE SHERBROOKE,HÔPITAL BROME-MISSISQUOI-PERKINS,51229185,1634,273,50,10.799218006,1308,3.9939857288,1117,94,18,5.733738685,796,4.6218662758,517,167,58,21.743396733,512,3.017827691,179,32
2023-2024,1,05,Estrie,CIUSSS DE L'ESTRIE - CENTRE HOSPITALIER UNIVERSITAIRE DE SHERBROOKE,HÔPITAL DE GRANBY,51228120,2233,391,167,10.241447853,1780,4.1090819288,1495,149,63,6.3134318097,1051,4.9843770483,738,214,31,18.198607724,729,2.8471681146,242,104
2023-2024,1,06,Montréal,CENTRE HOSPITALIER DE L'UNIVERSITÉ DE MONTRÉAL,CENTRE HOSPITALIER DE L'UNIVERSITÉ DE MONTRÉAL,51236297,4489,588,366,13.500171407,3265,3.4931295729,2623,147,110,8.2771693777,1414,5.9984185919,1866,619,87,20.842044034,1851,1.5793107329,441,256
2023-2024,1,06,Montréal,CENTRE HOSPITALIER UNIVERSITAIRE SAINTE-JUSTINE,CHU SAINTE-JUSTINE,51222800,5369,0,115,5.698218373,4391,2.5002357094,3451,0,44,5.0671811713,2576,3.2231610162,1918,25,0,6.8336247248,1815,1.4741995715,0,71
2023-2024,1,06,Montréal,CENTRE UNIVERSITAIRE DE SANTÉ MCGILL,HÔPITAL DE LACHINE,51228310,1126,92,19,5.6483890862,973,3.2920363709,988,60,13,4.7027609087,837,3.4086170848,138,17,2,12.418538647,136,2.5745506536,32,6
2023-2024,1,06,Montréal,CENTRE UNIVERSITAIRE DE SANTÉ MCGILL,HÔPITAL GÉNÉRAL DE MONTRÉAL,51248219,2005,309,269,16.945201441,1692,2.1235134292,820,48,55,6.2260504743,520,3.1745550214,1185,369,179,24.362672996,1172,1.6571809822,261,214
2023-2024,1,06,Montréal,CENTRE UNIVERSITAIRE DE SANTÉ MCGILL,HÔPITAL ROYAL VICTORIA,51223295,2841,504,65,19.940924753,2042,5.4381774404,1710,138,31,10.167774042,947,7.2229461457,1131,478,254,34.717306464,1095,3.8946377473,366,34
2023-2024,1,06,Montréal,CENTRE UNIVERSITAIRE DE SANTÉ MCGILL,L'HÔPITAL DE MONTRÉAL POUR ENFANTS,51223279,4579,0,182,6.6351374633,4122,1.8877102539,3503,0,60,5.437775161,3050,2.2133069217,1076,89,1,10.533241687,1072,0.9613391376,0,122
2023-2024,1,06,Montréal,CIUSSS DE L'EST-DE-L'ÎLE-DE-MONTRÉAL,HÔPITAL MAISONNEUVE-ROSEMONT,12934659,3919,688,252,11.796036616,3042,3.0660987837,2280,169,60,5.3385360624,1415,4.2069414998,1639,569,132,20.779014813,1627,2.0739092058,519,192
2023-2024,1,06,Montréal,CIUSSS DE L'EST-DE-L'ÎLE-DE-MONTRÉAL,HÔPITAL SANTA CABRINI,51235919,2063,544,67,18.542006652,1644,2.8924270073,1186,128,29,12.636146243,770,4.1811724387,877,332,153,26.528723236,874,1.757033435,416,38
2023-2024,1,06,Montréal,CIUSSS DE L'EST-DE-L'ÎLE-DE-MONTRÉAL,INSTITUT UNIVERSITAIRE EN SANTÉ MENTALE DE MONTRÉAL,51235307,298,13,298,15.208734154,287,1.6233401084,138,5,138,3.2945048309,127,1.6458770779,160,70,19,25.484756944,160,1.6054513889,8,160
2023-2024,1,06,Montréal,CIUSSS DE L'OUEST-DE-L'ÎLE-DE-MONTRÉAL,CENTRE HOSPITALIER DE ST. MARY,51248243,1921,420,145,12.839863497,1734,2.5078072536,1242,132,54,5.8179352299,1057,3.0168088405,679,275,108,25.684097529,677,1.7131031512,288,91
2023-2024,1,06,Montréal,CIUSSS DE L'OUEST-DE-L'ÎLE-DE-MONTRÉAL,HÔPITAL DE LASALLE,51224392,1560,248,56,12.687150107,1197,3.410146895,1146,78,22,6.8225458115,787,4.2130788508,414,146,85,28.92105475,410,1.8689092141,170,34
2023-2024,1,06,Montréal,CIUSSS DE L'OUEST-DE-L'ÎLE-DE-MONTRÉAL,HÔPITAL DOUGLAS,51235190,288,6,284,13.299681713,264,2.0141414141,165,4,161,3.5279292929,141,1.9074172577,123,60,13,26.408130081,123,2.1364837398,2,123
2023-2024,1,06,Montréal,CIUSSS DE L'OUEST-DE-L'ÎLE-DE-MONTRÉAL,HÔPITAL GÉNÉRAL DU LAKESHORE,51228278,2307,531,209,17.652429803,1913,2.5571912935,1380,143,17,7.435547504,988,3.2729813315,927,420,225,32.862028047,925,1.7926501502,388,192
2023-2024,1,06,Montréal,CIUSSS DU CENTRE-OUEST-DE-L'ÎLE-DE-MONTRÉAL,HÔPITAL GÉNÉRAL JUIF,51248250,5414,1048,311,11.629278824,4646,2.5632636198,1702,112,27,3.8751987857,1047,3.0918316884,3712,583,186,15.18462479,3599,2.4094956932,936,284
2023-2024,1,06,Montréal,CIUSSS DU CENTRE-SUD-DE-L'ÎLE-DE-MONTRÉAL,HÔPITAL DE VERDUN,51218097,2528,491,186,9.7942532525,2259,1.9534768334,1625,140,69,3.9914367521,1357,2.4712611561,903,334,43,20.236752492,902,1.1745041882,351,117
2023-2024,1,06,Montréal,CIUSSS DU CENTRE-SUD-DE-L'ÎLE-DE-MONTRÉAL,HÔPITAL NOTRE-DAME,51236313,2280,328,385,12.800877193,1922,2.1780711643,1276,72,144,5.3880050505,922,3.013247168,1004,345,68,22.222017486,1000,1.4080388889,256,241
2023-2024,1,06,Montréal,CIUSSS DU NORD-DE-L'ÎLE-DE-MONTRÉAL,HÔPITAL DU SACRÉ-COEUR-DE-MONTRÉAL,12475976,4083,802,212,12.853365513,3123,3.3805428363,2805,228,96,7.3473984948,1847,4.7452770258,1278,542,219,24.938058381,1276,1.4051007924,574,116
2023-2024,1,06,Montréal,CIUSSS DU NORD-DE-L'ÎLE-DE-MONTRÉAL,HÔPITAL EN SANTÉ MENTALE ALBERT-PRÉVOST,51848752,219,13,217,20.903252156,215,0.4413475452,93,3,91,5.2875268817,89,0.6133583021,126,57,26,32.429144621,126,0.3198478836,10,126
2023-2024,1,06,Montréal,CIUSSS DU NORD-DE-L'ÎLE-DE-MONTRÉAL,HÔPITAL FLEURY,51228492,1769,286,62,10.441088028,1326,3.9138574661,1262,110,26,6.3317199331,822,4.9664537713,507,186,13,20.669929323,504,2.1971230159,176,36
2023-2024,1,06,Montréal,CIUSSS DU NORD-DE-L'ÎLE-DE-MONTRÉAL,HÔPITAL JEAN-TALON,51228500,2519,333,224,8.0000733316,1852,3.3002729782,1856,105,81,5.1777755328,1192,4.2369873229,663,150,2,15.900804424,660,1.608510101,228,143
2023-2024,1,06,Montréal,INSTITUT DE CARDIOLOGIE DE MONTRÉAL,INSTITUT DE CARDIOLOGIE DE MONTRÉAL,51248201,1256,365,34,8.7805882873,1207,1.6663290527,795,159,28,4.1816443047,747,1.925551837,461,108,6,16.711522054,460,1.2453737923,206,6
2023-2024,1,07,Outaouais,CISSS DE L'OUTAOUAIS,CENTRE MULTISERVICES DE SANTÉ ET DE SERVICES SOCIAUX DE MANSFIELD-ET-PONTEFRACT,51245058,498,55,8,3.8268970326,465,1.4007383513,474,51,6,3.6043237225,441,1.4026631393,24,1,0,8.2227199074,24,1.3653703704,4,2
2023-2024,1,07,Outaouais,CISSS DE L'OUTAOUAIS,CLSC ET CENTRE D'HÉBERGEMENT DE LA PETITE-NATION,51219491,590,79,21,2.9691746704,488,1.3679132514,546,63,18,2.8388843101,444,1.4465277778,44,0,0,4.585959596,44,0.5746212121,16,3
2023-2024,1,07,Outaouais,CISSS DE L'OUTAOUAIS,HÔPITAL DE GATINEAU,51221703,2322,324,262,13.090304575,1480,4.975109985,1488,132,81,6.3457319668,674,5.7210253874,834,285,131,25.123786637,806,4.3513544251,192,181
2023-2024,1,07,Outaouais,CISSS DE L'OUTAOUAIS,HÔPITAL DE HULL,51221711,2059,388,62,15.552878015,1379,4.1113667311,1358,142,39,7.2919616266,694,4.8392082933,701,271,166,31.556193929,685,3.3739622871,246,23
2023-2024,1,07,Outaouais,CISSS DE L'OUTAOUAIS,HÔPITAL DE MANIWAKI,51221893,698,84,49,6.7040600127,624,1.92590901,469,43,20,3.1228411514,404,2.0484591584,229,41,16,14.038521349,220,1.7008623737,41,29
2023-2024,1,07,Outaouais,CISSS DE L'OUTAOUAIS,HÔPITAL ET CHSLD DE PAPINEAU,51228823,1363,161,61,10.934427325,1004,3.8148470009,1035,71,25,4.3112133655,681,4.0756457008,328,112,72,31.833898205,323,3.2649896801,90,36
2023-2024,1,07,Outaouais,CISSS DE L'OUTAOUAIS,HÔPITAL ET CHSLD DU PONTIAC,51219459,624,107,26,7.2906828704,566,2.1424563212,457,63,17,4.3956132993,399,2.2461890838,167,34,10,15.213118762,167,1.8946157685,44,9
2023-2024,1,07,Outaouais,CISSS DE L'OUTAOUAIS,HÔPITAL ET CHSLD MÉMORIAL DE WAKEFIELD / WAKEFIELD MEMORIAL HOSPITAL,51228799,918,61,23,5.4764963084,762,2.8370621901,787,40,18,4.104356205,631,2.971459764,131,26,2,13.719811281,131,2.1896967769,21,5
2023-2024,1,08,Abitibi-Témiscamingue,CISSS DE L'ABITIBI-TÉMISCAMINGUE,CENTRE MULTISERVICES DE SANTÉ ET DE SERVICES SOCIAUX DE LA SARRE,51247559,999,108,47,6.7239784229,912,2.1465889985,793,59,34,4.501030545,709,2.2770772606,206,27,13,15.281248652,203,1.6908442802,49,13
2023-2024,1,08,Abitibi-Témiscamingue,CISSS DE L'ABITIBI-TÉMISCAMINGUE,CENTRE MULTISERVICES DE SANTÉ ET DE SERVICES SOCIAUX DE TÉMISCAMING-KIPAWA,51247476,397,28,14,3.2075657711,379,0.8019517737,361,20,9,2.4955278547,344,0.8320760659,36,2,0,10.347723765,35,0.5058730159,8,5
2023-2024,1,08,Abitibi-Témiscamingue,CISSS DE L'ABITIBI-TÉMISCAMINGUE,CENTRE MULTISERVICES DE SANTÉ ET DE SERVICES SOCIAUX DE VILLE-MARIE,51247542,629,92,26,4.3822712418,562,2.3964467181,553,70,23,3.67696956,486,2.4042266804,76,1,1,9.5142690058,76,2.3466959064,22,3
2023-2024,1,08,Abitibi-Témiscamingue,CISSS DE L'ABITIBI-TÉMISCAMINGUE,HÔPITAL D'AMOS,51228906,1338,119,63,4.3868518519,1208,1.4331691501,1003,43,48,2.6446798493,876,1.6068096778,335,26,1,9.6029668325,332,0.9750092035,76,15
2023-2024,1,08,Abitibi-Témiscamingue,CISSS DE L'ABITIBI-TÉMISCAMINGUE,HÔPITAL DE ROUYN-NORANDA,51228922,1543,197,83,6.6882678044,1230,3.5625345528,1193,90,47,5.7271647108,880,4.114061553,350,23,1,9.9642563492,350,2.1758380952,107,36
2023-2024,1,08,Abitibi-Témiscamingue,CISSS DE L'ABITIBI-TÉMISCAMINGUE,HÔPITAL DE VAL-D'OR,51225589,1629,175,104,8.3656056886,1340,3.8749527363,1287,100,69,6.2321827247,999,4.508570793,342,84,12,16.394013158,341,2.0186933855,75,35
2023-2024,1,09,Côte-Nord,CISSS DE LA CÔTE-NORD,CENTRE MULTISERVICES DE SANTÉ ET DE SERVICES SOCIAUX DE FERMONT,51245108,313,1,24,2.8980759673,252,1.5059281305,298,1,22,2.755099739,237,1.5123406001,15,0,0,5.738537037,15,1.4046111111,0,2
2023-2024,1,09,Côte-Nord,CISSS DE LA CÔTE-NORD,CENTRE MULTISERVICES DE SANTÉ ET DE SERVICES SOCIAUX DE FORESTVILLE,51218741,735,71,26,2.4930219199,659,1.3519705783,672,61,23,2.2035152116,605,1.39343618,63,2,0,5.5810934744,54,0.8874022634,10,3
2023-2024,1,09,Côte-Nord,CISSS DE LA CÔTE-NORD,CENTRE MULTISERVICES DE SANTÉ ET DE SERVICES SOCIAUX DE LA BASSE-CÔTE-NORD,51245140,182,26,8,3.4940918803,176,1.2971369949,149,19,7,3.3312080537,143,1.3819560995,33,0,0,4.229537037,33,0.9295875421,7,1
2023-2024,1,09,Côte-Nord,CISSS DE LA CÔTE-NORD,CENTRE MULTISERVICES DE SANTÉ ET DE SERVICES SOCIAUX DE LA MINGANIE,51245116,876,70,13,3.0127089675,436,2.581019368,619,38,6,1.5766038413,189,2.5394664903,257,8,0,6.4716547773,247,2.6128148898,32,7
2023-2024,1,09,Côte-Nord,CISSS DE LA CÔTE-NORD,CENTRE MULTISERVICES DE SANTÉ ET DE SERVICES SOCIAUX DE PORT-CARTIER,51245132,731,60,34,4.4092939656,637,2.3331445142,665,47,33,3.504515873,571,2.4559199261,66,11,1,13.525618687,66,1.2709511785,13,1
2023-2024,1,09,Côte-Nord,CISSS DE LA CÔTE-NORD,CENTRE MULTISERVICES DE SANTÉ ET DE SERVICES SOCIAUX DES ESCOUMINS,51218733,511,69,19,3.799233529,460,1.3052083333,445,44,11,2.7523801498,394,1.3904089114,66,9,1,10.857563131,66,0.7965867003,25,8
2023-2024,1,09,Côte-Nord,CISSS DE LA CÔTE-NORD,CLSC ET HÔPITAL LE ROYER,51228765,1409,183,71,9.0963695686,1230,3.1788001355,1093,98,42,4.9046009962,914,3.626722283,316,92,56,23.595113397,316,1.8832278481,85,29
2023-2024,1,09,Côte-Nord,CISSS DE LA CÔTE-NORD,HÔPITAL ET CLSC DE SEPT-ÎLES,51232023,1281,139,76,9.6746608552,1056,2.8976725589,857,62,37,4.2735511474,641,3.2262042815,424,101,55,20.591526468,415,2.390229585,77,39
2023-2024,1,11,Gaspésie-Îles-de-la-Madeleine,CISSS DE LA GASPÉSIE,CENTRE MULTISERVICES DE SANTÉ ET DE SERVICES SOCIAUX DE GRANDE-VALLÉE,51247732,329,59,10,1.7507683215,276,0.9587580515,297,52,9,1.477637486,246,0.9428590786,32,2,0,4.2857638889,30,1.0891296296,7,1
2023-2024,1,11,Gaspésie-Îles-de-la-Madeleine,CISSS DE LA GASPÉSIE,CLSC ET CENTRE DE SERVICES AMBULATOIRES DE MURDOCHVILLE,51221307,112,14,9,2.5344642857,110,1.1713030303,110,13,9,2.5393358586,108,1.1861599794,2,0,0,2.2665277778,2,0.3690277778,1,0
2023-2024,1,11,Gaspésie-Îles-de-la-Madeleine,CISSS DE LA GASPÉSIE,CLSC ET CENTRE DE SERVICES AMBULATOIRES DE PASPÉBIAC,51220978,827,133,34,4.6777529222,762,2.4574588072,608,65,25,3.8904349415,549,2.5918007488,219,8,1,6.8635489599,213,2.1111971831,68,9
2023-2024,1,11,Gaspésie-Îles-de-la-Madeleine,CISSS DE LA GASPÉSIE,HÔPITAL DE CHANDLER,51227775,987,159,43,7.0309419678,873,2.2636690213,811,91,33,4.1324633511,697,2.4883337319,176,63,16,20.386999684,176,1.3739457071,68,10
2023-2024,1,11,Gaspésie-Îles-de-la-Madeleine,CISSS DE LA GASPÉSIE,HÔPITAL DE GASPÉ,51220903,852,145,46,6.5003325509,716,2.0702653631,664,74,25,4.2307797858,530,2.3833983229,188,35,4,14.516199764,186,1.178004779,71,21
2023-2024,1,11,Gaspésie-Îles-de-la-Madeleine,CISSS DE LA GASPÉSIE,HÔPITAL ET CLSC DE SAINTE-ANNE-DES-MONTS,51247799,817,132,45,4.4338263294,732,1.6422301913,654,70,33,2.639053262,571,1.7133814945,163,23,2,11.634940354,161,1.3898861284,62,12
2023-2024,1,11,Gaspésie-Îles-de-la-Madeleine,CISSS DE LA GASPÉSIE,HÔPITAL ET GROUPE DE MÉDECINE DE FAMILLE UNIVERSITAIRE DE MARIA,51227908,1000,153,66,9.3196438889,910,2.2936898657,729,54,32,4.4918968145,639,2.6596670144,271,102,36,22.306461665,271,1.4307400574,99,34
2023-2024,1,11,Gaspésie-Îles-de-la-Madeleine,CISSS DES ÎLES,HÔPITAL DE L'ARCHIPEL,51227783,939,152,23,3.8082209206,871,1.0136165327,757,99,14,2.4399031264,690,1.0742661031,182,15,0,9.499520757,181,0.7824109883,53,9
2023-2024,1,12,Chaudière-Appalaches,CISSS DE CHAUDIÈRE-APPALACHES,CHSLD ET HÔPITAL PAUL-GILBERT,51245199,2532,194,39,2.4795081841,2108,1.8031049705,2351,165,38,2.391913961,1927,1.8966304849,181,0,0,3.6172651934,181,0.8073941068,29,1
2023-2024,1,12,Chaudière-Appalaches,CISSS DE CHAUDIÈRE-APPALACHES,HÔPITAL DE MONTMAGNY,51245223,1883,314,50,4.5735532838,1719,1.3265097602,1476,171,30,2.5084253613,1312,1.5463092818,407,45,4,12.062813268,407,0.6179668305,143,20
2023-2024,1,12,Chaudière-Appalaches,CISSS DE CHAUDIÈRE-APPALACHES,HÔPITAL DE SAINT-GEORGES,51228971,2654,523,159,6.2706407519,2225,2.0476510612,1872,205,72,3.4984775641,1445,2.5216195694,782,115,9,12.906816567,780,1.1695940171,318,87
2023-2024,1,12,Chaudière-Appalaches,CISSS DE CHAUDIÈRE-APPALACHES,HÔPITAL DE THETFORD,51245231,2249,356,56,5.8000790475,2086,1.6050420795,1802,212,27,4.1166978049,1639,1.8113973629,447,63,4,12.586327368,447,0.8484060403,144,29
2023-2024,1,12,Chaudière-Appalaches,CISSS DE CHAUDIÈRE-APPALACHES,HÔTEL-DIEU DE LÉVIS,51227569,4449,864,316,7.6922759796,4064,1.2860371555,2991,310,149,3.3310863145,2606,1.6713775902,1458,339,60,16.638996342,1458,0.59728738,554,167
2023-2024,1,13,Laval,CISSS DE LAVAL,HÔPITAL DE LA CITÉ-DE-LA-SANTÉ,51228757,5499,1071,335,9.3372690994,4164,2.9576590351,3466,301,81,5.4189275983,2137,3.8352237041,2033,408,28,16.017530606,2027,2.0324712218,770,254
2023-2024,1,14,Lanaudière,CISSS DE LANAUDIÈRE,HÔPITAL DE LANAUDIÈRE ET CENTRE D'HÉBERGEMENT PARPHILIA-FERLAND,51244945,4287,731,334,10.058504523,3501,2.5007658129,2780,188,230,5.6505743405,1997,3.3338282424,1507,418,89,18.189921846,1504,1.3946317228,543,104
2023-2024,1,14,Lanaudière,CISSS DE LANAUDIÈRE,HÔPITAL PIERRE-LE GARDEUR,51228062,4521,843,286,10.878110853,2860,5.4990143745,3011,269,100,6.5823001771,1357,7.1661323999,1510,466,45,19.444128035,1503,3.9938386191,574,186
2023-2024,1,15,Laurentides,CISSS DES LAURENTIDES,CENTRE MULTISERVICES DE SANTÉ ET DE SERVICES SOCIAUX D'ARGENTEUIL,51245306,1159,175,36,8.4159066724,966,3.041758109,937,107,24,5.1937326574,746,3.4343547066,222,73,27,22.015803303,220,1.7104987374,68,12
2023-2024,1,15,Laurentides,CISSS DES LAURENTIDES,CENTRE MULTISERVICES DE SANTÉ ET DE SERVICES SOCIAUX DE RIVIÈRE-ROUGE,51217628,810,104,46,6.1733971193,714,3.0825809213,639,68,30,4.3140106069,548,3.221717356,171,25,9,13.121630929,166,2.6232630522,36,16
2023-2024,1,15,Laurentides,CISSS DES LAURENTIDES,CENTRE MULTISERVICES DE SANTÉ ET DE SERVICES SOCIAUX DE SAINTE-AGATHE,51246874,1728,322,121,10.977753987,1432,3.4381079299,1111,126,36,5.9370359536,821,4.2293960617,617,188,42,20.054314335,611,2.3748549736,196,85
2023-2024,1,15,Laurentides,CISSS DES LAURENTIDES,HÔPITAL DE MONT-LAURIER,51217610,1056,170,59,9.4888512731,868,3.6916503456,774,75,30,6.2055128481,590,3.9760475518,282,72,17,18.500567376,278,3.0880735412,95,29
2023-2024,1,15,Laurentides,CISSS DES LAURENTIDES,HÔPITAL DE SAINT-EUSTACHE,51228864,2972,651,188,14.87901731,2042,4.0919077157,1778,188,46,8.0510014373,855,6.1836263808,1194,511,179,25.046699237,1187,2.5852358888,463,142
2023-2024,1,15,Laurentides,CISSS DES LAURENTIDES,HÔPITAL DE SAINT-JÉRÔME,51228880,3401,616,339,14.903704629,2457,4.6615078235,1974,199,79,6.9553402567,1042,6.5797486138,1427,545,231,25.898849179,1415,3.2489234393,417,260
2023-2024,1,16,Montérégie,CISSS DE LA MONTÉRÉGIE-CENTRE,HÔPITAL CHARLES-LE MOYNE,51233799,4598,882,364,10.501797944,2532,5.7449272643,3188,383,140,6.4515523491,1123,6.855115514,1410,460,43,19.659374507,1409,4.8600859554,499,224
2023-2024,1,16,Montérégie,CISSS DE LA MONTÉRÉGIE-CENTRE,HÔPITAL DU HAUT-RICHELIEU,51229045,3642,582,221,10.224302123,2916,2.905241198,2478,192,67,5.2053100619,1761,3.5769046943,1164,354,154,20.909063574,1155,1.8811724387,390,154
2023-2024,1,16,Montérégie,CISSS DE LA MONTÉRÉGIE-EST,HÔPITAL HONORÉ-MERCIER,51229193,2691,546,145,11.233029853,1968,4.3830538618,1906,216,70,6.3618587501,1184,5.6463494745,785,299,86,23.060357396,784,2.4752196712,330,75
2023-2024,1,16,Montérégie,CISSS DE LA MONTÉRÉGIE-EST,HÔPITAL PIERRE-BOUCHER,51229011,3478,719,219,13.265376014,2468,4.8789145507,1736,231,72,6.4158322133,747,6.4297021419,1742,492,196,20.091327816,1721,4.2057952418,488,147
2023-2024,1,16,Montérégie,CISSS DE LA MONTÉRÉGIE-EST,HÔTEL-DIEU DE SOREL,51229102,2156,364,109,7.5370774067,1860,2.4121236559,1441,135,38,4.1502477061,1151,2.7834334878,715,151,8,14.36284188,709,1.809334352,229,71
2023-2024,1,16,Montérégie,CISSS DE LA MONTÉRÉGIE-OUEST,HÔPITAL ANNA-LABERGE,51229151,2164,445,135,18.194149209,1647,2.3016865682,1396,138,39,9.8810928048,879,3.3160820377,768,381,192,33.304861111,768,1.1406792535,307,96
2023-2024,1,16,Montérégie,CISSS DE LA MONTÉRÉGIE-OUEST,HÔPITAL BARRIE MEMORIAL / BARRIE MEMORIAL HOSPITAL,51228005,1312,163,20,5.8502053692,1115,3.1542438964,1094,106,17,3.9497613244,900,2.7912777778,218,50,6,15.387296126,215,4.6736369509,57,3
2023-2024,1,16,Montérégie,CISSS DE LA MONTÉRÉGIE-OUEST,HÔPITAL DU SUROÎT,51229136,2424,526,163,12.89320006,1941,2.2580508329,1606,178,85,4.7060557631,1126,2.9222747681,818,327,148,28.967226637,815,1.340362304,348,78
2024-2025,1,01,Bas-Saint-Laurent,CISSS DU BAS-SAINT-LAURENT,CENTRE HOSPITALIER RÉGIONAL DU GRAND-PORTAGE,51218352,2083,423,111,4.9738390142,1730,2.357251124,1517,169,68,3.3460071047,1166,2.6834576901,566,4,0,9.3367736553,564,1.6828595351,254,43
2024-2025,1,01,Bas-Saint-Laurent,CISSS DU BAS-SAINT-LAURENT,CENTRE MULTISERVICES DE SANTÉ ET DE SERVICES SOCIAUX DE TROIS-PISTOLES,51236156,1098,152,26,2.8617319369,1003,1.3175038773,956,103,21,2.2942268131,866,1.3815569669,142,2,0,6.6824002347,137,0.9126135442,49,5
2024-2025,1,01,Bas-Saint-Laurent,CISSS DU BAS-SAINT-LAURENT,CLSC DE POHÉNÉGAMOOK,51219418,1276,149,40,1.6906866075,1189,0.9604415475,1209,128,39,1.3943870049,1122,0.9556050703,67,1,0,7.0373466003,67,1.0414344942,21,1
2024-2025,1,01,Bas-Saint-Laurent,CISSS DU BAS-SAINT-LAURENT,HÔPITAL D'AMQUI,51226892,1455,202,44,4.2436382207,1356,1.7732315225,1005,82,30,3.5721030956,914,2.0323498663,450,4,1,5.7434,442,1.2374076169,120,14
2024-2025,1,01,Bas-Saint-Laurent,CISSS DU BAS-SAINT-LAURENT,HÔPITAL DE MATANE,51218980,1724,285,71,5.4124602024,1538,2.934577915,1318,136,37,4.4676340415,1141,3.2514957639,406,19,1,8.4796544882,397,2.0237384551,149,34
2024-2025,1,01,Bas-Saint-Laurent,CISSS DU BAS-SAINT-LAURENT,HÔPITAL DE NOTRE-DAME-DU-LAC,51221877,1223,217,37,3.4195468793,1111,1.3845839584,962,106,20,2.2865996766,850,1.5654820261,261,4,0,7.5953905917,261,0.7954523201,111,17
2024-2025,1,01,Bas-Saint-Laurent,CISSS DU BAS-SAINT-LAURENT,HÔPITAL NOTRE-DAME-DE-FATIMA,51221141,1591,271,51,3.9428479642,1469,1.6845465547,1290,135,29,2.9090217485,1171,1.7940637157,301,3,0,8.373531746,298,1.254195563,136,22
2024-2025,1,01,Bas-Saint-Laurent,CISSS DU BAS-SAINT-LAURENT,HÔPITAL RÉGIONAL DE RIMOUSKI,51227882,3018,565,163,6.2984857522,2396,2.6469850213,2118,247,93,4.4954346344,1499,3.2139717219,900,77,4,10.541666049,897,1.6994788183,318,70
2024-2025,1,02,Saguenay-Lac-Saint-Jean,CIUSSS DU SAGUENAY - LAC-SAINT-JEAN,HÔPITAL D'ALMA,51219400,3602,563,122,5.2155638071,2859,3.2565606661,2815,300,65,4.2666705151,2084,3.5532316325,787,12,0,8.6096357476,775,2.4588028674,263,57
2024-2025,1,02,Saguenay-Lac-Saint-Jean,CIUSSS DU SAGUENAY - LAC-SAINT-JEAN,HÔPITAL DE CHICOUTIMI,51218394,5287,843,328,7.6673378623,4553,3.1320792762,3041,269,88,4.62821623,2328,4.1820303551,2246,255,10,11.78219489,2225,2.0335237203,574,240
2024-2025,1,02,Saguenay-Lac-Saint-Jean,CIUSSS DU SAGUENAY - LAC-SAINT-JEAN,HÔPITAL DE DOLBEAU-MISTASSINI,51219384,2104,391,74,4.8216444867,1875,2.3246834074,1749,250,46,3.5591754018,1523,2.5559310936,355,41,5,11.041527387,352,1.3241429924,141,28
2024-2025,1,02,Saguenay-Lac-Saint-Jean,CIUSSS DU SAGUENAY - LAC-SAINT-JEAN,HÔPITAL DE LA BAIE,51221364,1810,227,59,5.7781758748,1632,2.9759832857,1370,87,40,4.410101176,1194,3.2493162572,440,12,0,10.037863005,438,2.2308701167,140,19
2024-2025,1,02,Saguenay-Lac-Saint-Jean,CIUSSS DU SAGUENAY - LAC-SAINT-JEAN,HÔPITAL ET CENTRE D'HÉBERGEMENT DE ROBERVAL,51228203,2382,347,135,5.3134023696,2129,2.2969680601,1626,140,48,3.461965628,1395,2.5070937873,756,40,1,9.2954607584,734,1.8976146685,207,87
2024-2025,1,02,Saguenay-Lac-Saint-Jean,CIUSSS DU SAGUENAY - LAC-SAINT-JEAN,HÔPITAL ET CENTRE DE RÉADAPTATION DE JONQUIÈRE,51224541,2553,472,154,7.2282754494,2040,3.6617753268,1590,155,68,4.549222921,1106,4.0021009142,963,76,1,11.651633206,934,3.2587773614,317,86
2024-2025,1,03,Capitale-Nationale,CHU DE QUÉBEC - UNIVERSITÉ LAVAL,CENTRE HOSPITALIER DE L'UNIVERSITÉ LAVAL,51217594,7281,583,706,8.1341001694,6071,2.2568108402,4164,112,246,4.9510756884,2964,3.2510739991,3117,357,85,12.386302267,3107,1.3083087473,471,460
2024-2025,1,03,Capitale-Nationale,CHU DE QUÉBEC - UNIVERSITÉ LAVAL,HÔPITAL DE L'ENFANT-JÉSUS,51233914,6167,1053,768,9.6047898312,5583,1.6507381038,3438,302,206,3.9441669091,2872,2.0925448777,2729,570,141,16.736054619,2711,1.1826934506,751,562
2024-2025,1,03,Capitale-Nationale,CHU DE QUÉBEC - UNIVERSITÉ LAVAL,HÔPITAL DU SAINT-SACREMENT,51217529,3541,813,90,7.4041333271,2922,1.9779004107,2564,342,31,3.6563252947,1946,2.3474491835,977,250,54,17.239731889,976,1.2410746812,471,59
2024-2025,1,03,Capitale-Nationale,CHU DE QUÉBEC - UNIVERSITÉ LAVAL,HÔPITAL SAINT-FRANÇOIS D'ASSISE,51217602,3824,1062,129,10.993766707,3201,2.3468382276,2199,311,64,5.070969759,1583,3.2920711378,1625,514,60,19.008677778,1618,1.4220522593,751,65
2024-2025,1,03,Capitale-Nationale,CHU DE QUÉBEC - UNIVERSITÉ LAVAL,L'HÔTEL-DIEU DE QUÉBEC,51217586,2092,506,104,7.5565540684,1871,1.7430511016,1099,98,39,3.5414910019,884,2.1034816491,993,83,3,12.000213998,987,1.4202338737,408,65
2024-2025,1,03,Capitale-Nationale,CIUSSS DE LA CAPITALE-NATIONALE,CENTRE MULTISERVICES DE SANTÉ ET DE SERVICES SOCIAUX CHAUVEAU,51225001,3826,270,63,3.2965158709,2683,2.1133484491,3331,212,49,3.1042785783,2192,2.3148811334,495,0,0,4.5901369248,491,1.2136343064,58,14
2024-2025,1,03,Capitale-Nationale,CIUSSS DE LA CAPITALE-NATIONALE,CENTRE MULTISERVICES DE SANTÉ ET DE SERVICES SOCIAUX DE BAIE-SAINT-PAUL,51244804,1154,209,48,5.7405216156,894,2.2423722968,922,123,22,3.4037493974,664,2.4965800703,232,33,4,15.027176724,230,1.5084855072,86,26
2024-2025,1,03,Capitale-Nationale,CIUSSS DE LA CAPITALE-NATIONALE,CENTRE MULTISERVICES DE SANTÉ ET DE SERVICES SOCIAUX DE SAINT-MARC-DES-CARRIÈRES,51247344,1716,223,33,2.6583799534,1439,1.42605571,1405,131,21,2.0640231317,1134,1.6041803841,311,3,0,5.3434967846,305,0.7637823315,92,12
2024-2025,1,03,Capitale-Nationale,CIUSSS DE LA CAPITALE-NATIONALE,CENTRE MULTISERVICES DE SANTÉ ET DE SERVICES SOCIAUX DE SAINT-RAYMOND,51247302,1938,236,45,3.9009809655,1623,1.6675758198,1601,129,28,2.8429771323,1295,1.8709495924,337,17,7,8.9272840422,328,0.8646214431,107,17
2024-2025,1,03,Capitale-Nationale,CIUSSS DE LA CAPITALE-NATIONALE,CENTRE MULTISERVICES DE SANTÉ ET DE SERVICES SOCIAUX DE SAINTE-ANNE-DE-BEAUPRÉ,51225357,1548,168,26,4.5843913293,1147,2.4358972682,1309,92,15,3.6803359222,911,2.6834339554,239,15,2,9.5358914458,236,1.4803637006,76,11
2024-2025,1,03,Capitale-Nationale,CIUSSS DE LA CAPITALE-NATIONALE,HÔPITAL ET CLSC DE LA MALBAIE,51228690,1399,252,32,4.6678131205,1140,1.8355640838,1157,163,20,3.1852513685,898,2.0745483791,242,21,0,11.755928604,242,0.9487545914,89,12
2024-2025,1,03,Capitale-Nationale,INSTITUT UNIVERSITAIRE DE CARDIOLOGIE ET DE PNEUMOLOGIE DE QUÉBEC - UNIVERSITÉ LAVAL,INSTITUT UNIVERSITAIRE DE CARDIOLOGIE ET DE PNEUMOLOGIE DE QUÉBEC,51232130,2850,904,51,7.9838669591,2695,1.8704117708,1466,308,27,4.0658348492,1317,2.3826594533,1384,155,0,12.13403681,1378,1.3808397839,596,24
2024-2025,1,04,Mauricie et Centre-du-Québec,CIUSSS DE LA MAURICIE-ET-DU-CENTRE-DU-QUÉBEC,CENTRE MULTISERVICES DE SANTÉ ET DE SERVICES SOCIAUX AVELLIN-DALCOURT,51233583,2007,309,61,5.1890134529,1591,3.0398447866,1671,153,34,4.3574032515,1259,3.4750584679,336,13,2,9.3247891865,332,1.3894410977,156,27
2024-2025,1,04,Mauricie et Centre-du-Québec,CIUSSS DE LA MAURICIE-ET-DU-CENTRE-DU-QUÉBEC,CENTRE MULTISERVICES DE SANTÉ ET DE SERVICES SOCIAUX CHRIST-ROI,51246338,2096,254,62,5.4912776983,1720,3.586001292,1654,102,34,4.5354888822,1291,3.9567464928,442,22,2,9.0679172951,429,2.4703088578,152,28
2024-2025,1,04,Mauricie et Centre-du-Québec,CIUSSS DE LA MAURICIE-ET-DU-CENTRE-DU-QUÉBEC,CENTRE MULTISERVICES DE SANTÉ ET DE SERVICES SOCIAUX DE FORTIERVILLE,51219160,1320,134,27,2.8249968434,1083,2.1652546938,1219,119,26,2.7291484368,983,2.2724468746,101,0,0,3.9818206821,100,1.1115555556,15,1
2024-2025,1,04,Mauricie et Centre-du-Québec,CIUSSS DE LA MAURICIE-ET-DU-CENTRE-DU-QUÉBEC,CENTRE MULTISERVICES DE SANTÉ ET DE SERVICES SOCIAUX DU HAUT-SAINT-MAURICE,51219731,1153,175,82,6.688911776,1006,2.9740860393,855,98,32,4.7630701754,712,3.2134909488,298,27,2,12.214396905,294,2.3943027211,77,50
2024-2025,1,04,Mauricie et Centre-du-Québec,CIUSSS DE LA MAURICIE-ET-DU-CENTRE-DU-QUÉBEC,HÔPITAL DU CENTRE-DE-LA-MAURICIE,51220051,3266,604,201,6.2058472818,2727,2.5593035692,2051,172,42,4.462104529,1519,3.55752231,1215,36,0,9.1493998628,1208,1.3040930831,432,159
2024-2025,1,04,Mauricie et Centre-du-Québec,CIUSSS DE LA MAURICIE-ET-DU-CENTRE-DU-QUÉBEC,HÔPITAL SAINTE-CROIX,51228781,3880,577,247,7.6511347365,2887,3.4382553015,2194,175,70,5.5176839613,1243,4.6324427907,1686,103,0,10.427404607,1644,2.5353507705,402,177
2024-2025,1,04,Mauricie et Centre-du-Québec,CIUSSS DE LA MAURICIE-ET-DU-CENTRE-DU-QUÉBEC,HÔTEL-DIEU D'ARTHABASKA,51228039,3615,663,209,6.2981523744,2966,2.5824239529,2103,207,33,4.5182378348,1488,3.4313060036,1512,75,1,8.773787478,1478,1.7277984514,456,176
2024-2025,1,04,Mauricie et Centre-du-Québec,CIUSSS DE LA MAURICIE-ET-DU-CENTRE-DU-QUÉBEC,PAVILLON SAINTE-MARIE,51220168,5647,1371,351,10.032304518,4540,2.956344836,3046,306,93,5.1088458452,1955,4.3473479682,2601,560,52,15.798108099,2585,1.9043482699,1065,258
2024-2025,1,05,Estrie,CIUSSS DE L'ESTRIE - CENTRE HOSPITALIER UNIVERSITAIRE DE SHERBROOKE,CENTRE MULTISERVICES DE SANTÉ ET DE SERVICES SOCIAUX DE LA MRC DE COATICOOK,51247617,2008,139,60,3.2182741257,1616,2.3714487074,1658,85,48,3.0959573114,1271,2.6065685375,350,0,0,3.7977063492,345,1.5052536232,54,12
2024-2025,1,05,Estrie,CIUSSS DE L'ESTRIE - CENTRE HOSPITALIER UNIVERSITAIRE DE SHERBROOKE,CENTRE MULTISERVICES DE SANTÉ ET DE SERVICES SOCIAUX DE MEMPHRÉMAGOG,51219046,2316,468,84,6.2799708549,1843,3.5678113884,1667,200,42,4.8323193695,1214,4.1044092074,649,55,3,9.9983607259,629,2.5321520049,268,42
2024-2025,1,05,Estrie,CIUSSS DE L'ESTRIE - CENTRE HOSPITALIER UNIVERSITAIRE DE SHERBROOKE,CENTRE MULTISERVICES DE SANTÉ ET DE SERVICES SOCIAUX DES SOURCES,51247583,1777,218,69,5.3472464516,1480,3.8397222222,1535,142,55,4.8517218603,1249,4.1362968152,242,7,0,8.4903466483,231,2.2361652237,76,14
2024-2025,1,05,Estrie,CIUSSS DE L'ESTRIE - CENTRE HOSPITALIER UNIVERSITAIRE DE SHERBROOKE,CENTRE MULTISERVICES DE SANTÉ ET DE SERVICES SOCIAUX DU GRANIT,51223832,1447,228,26,4.9325606619,1243,2.9584283096,1181,137,11,4.0588213849,981,3.1458503228,266,7,0,8.8118316625,262,2.2566687871,91,15
2024-2025,1,05,Estrie,CIUSSS DE L'ESTRIE - CENTRE HOSPITALIER UNIVERSITAIRE DE SHERBROOKE,CHUS - HÔPITAL FLEURIMONT,51216687,4208,602,107,8.6924469265,3594,3.0549434242,2173,116,37,6.8164825894,1560,5.298707265,2035,187,1,10.695626536,2034,1.3340626024,486,70
2024-2025,1,05,Estrie,CIUSSS DE L'ESTRIE - CENTRE HOSPITALIER UNIVERSITAIRE DE SHERBROOKE,CHUS - HÔTEL-DIEU DE SHERBROOKE,51216695,4459,932,555,10.559766764,3733,3.452022502,2241,230,158,6.5830432842,1515,5.4446314631,2218,314,71,14.577727683,2218,2.0909753532,702,397
2024-2025,1,05,Estrie,CIUSSS DE L'ESTRIE - CENTRE HOSPITALIER UNIVERSITAIRE DE SHERBROOKE,HÔPITAL BROME-MISSISQUOI-PERKINS,51229185,2719,457,105,9.1056035716,2260,4.0495452311,1840,134,39,5.648482035,1389,4.6788426926,879,219,7,16.342354001,871,3.0459927924,323,66
2024-2025,1,05,Estrie,CIUSSS DE L'ESTRIE - CENTRE HOSPITALIER UNIVERSITAIRE DE SHERBROOKE,HÔPITAL DE GRANBY,51228120,3484,567,243,11.231629752,2753,4.9944441417,2401,207,84,7.6285276968,1677,6.1954553435,1083,347,37,19.219670411,1076,3.12260791,360,159
2024-2025,1,06,Montréal,CENTRE HOSPITALIER DE L'UNIVERSITÉ DE MONTRÉAL,CENTRE HOSPITALIER DE L'UNIVERSITÉ DE MONTRÉAL,51236297,7572,1085,573,11.812107105,5591,2.6473586021,4609,289,208,6.6391161013,2645,4.244873451,2963,1004,128,19.858788015,2946,1.2130657389,796,365
2024-2025,1,06,Montréal,CENTRE HOSPITALIER UNIVERSITAIRE SAINTE-JUSTINE,CHU SAINTE-JUSTINE,51222800,7751,0,216,4.8487272968,6734,1.720255049,4964,0,76,4.0708179448,4011,2.2029651098,2787,18,1,6.2342823825,2723,1.0092194067,0,140
2024-2025,1,06,Montréal,CENTRE UNIVERSITAIRE DE SANTÉ MCGILL,HÔPITAL DE LACHINE,51228310,1893,231,52,8.3437202853,1621,2.8689706286,1469,100,22,4.4167328493,1199,3.0408662311,424,136,52,21.949249869,422,2.3805753028,131,30
2024-2025,1,06,Montréal,CENTRE UNIVERSITAIRE DE SANTÉ MCGILL,HÔPITAL GÉNÉRAL DE MONTRÉAL,51248219,3191,488,446,16.687217522,2765,1.4800042194,1263,104,100,4.6985178587,856,1.983292121,1928,543,273,24.540810713,1909,1.2543287643,384,346
2024-2025,1,06,Montréal,CENTRE UNIVERSITAIRE DE SANTÉ MCGILL,HÔPITAL ROYAL VICTORIA,51223295,4365,709,104,18.506019409,3316,4.377056611,2675,181,42,9.0468760125,1652,5.9793079096,1690,845,417,33.478332183,1664,2.7863600093,528,62
2024-2025,1,06,Montréal,CENTRE UNIVERSITAIRE DE SANTÉ MCGILL,L'HÔPITAL DE MONTRÉAL POUR ENFANTS,51223279,7506,0,245,5.4000321965,6883,1.6735521898,5851,0,67,4.521258237,5232,1.9029529817,1655,45,4,8.5068034575,1651,0.9465837203,0,178
2024-2025,1,06,Montréal,CIUSSS DE L'EST-DE-L'ÎLE-DE-MONTRÉAL,HÔPITAL MAISONNEUVE-ROSEMONT,12934659,6454,1149,367,11.783539235,4604,3.4144218795,3903,285,96,5.1334339682,2078,4.7374001444,2551,900,274,21.958122087,2526,2.32608109,864,271
2024-2025,1,06,Montréal,CIUSSS DE L'EST-DE-L'ÎLE-DE-MONTRÉAL,HÔPITAL SANTA CABRINI,51235919,3416,892,131,15.06609501,2569,3.6564492236,1958,208,50,5.9134051186,1121,5.4698396769,1458,595,280,27.357567444,1448,2.2525744322,684,81
2024-2025,1,06,Montréal,CIUSSS DE L'EST-DE-L'ÎLE-DE-MONTRÉAL,INSTITUT UNIVERSITAIRE EN SANTÉ MENTALE DE MONTRÉAL,51235307,464,25,461,11.858982878,449,1.150832096,215,4,213,3.6498514212,200,1.2744722222,249,55,16,18.947188755,249,1.0515227577,21,248
2024-2025,1,06,Montréal,CIUSSS DE L'OUEST-DE-L'ÎLE-DE-MONTRÉAL,CENTRE HOSPITALIER DE ST. MARY,51248243,3286,676,265,10.638274921,2906,2.7933548406,2014,192,89,6.0362573099,1636,3.576056778,1272,299,28,17.924802804,1270,1.7850868329,484,176
2024-2025,1,06,Montréal,CIUSSS DE L'OUEST-DE-L'ÎLE-DE-MONTRÉAL,HÔPITAL DE LASALLE,51224392,2609,392,87,9.4630435246,2155,3.1570733436,1999,164,34,5.1794119282,1549,3.6682384693,610,228,87,23.500714936,606,1.8504812981,228,53
2024-2025,1,06,Montréal,CIUSSS DE L'OUEST-DE-L'ÎLE-DE-MONTRÉAL,HÔPITAL DOUGLAS,51235190,616,10,598,16.128819444,576,1.9799189815,301,5,284,3.6648901809,261,2.0387452107,315,157,42,28.038796296,315,1.9311772487,5,314
2024-2025,1,06,Montréal,CIUSSS DE L'OUEST-DE-L'ÎLE-DE-MONTRÉAL,HÔPITAL GÉNÉRAL DU LAKESHORE,51228278,3575,855,212,13.32380575,3053,2.3017546493,2127,221,33,6.1292842031,1609,2.8951945653,1448,532,205,23.89200142,1444,1.6405047707,634,179
2024-2025,1,06,Montréal,CIUSSS DU CENTRE-OUEST-DE-L'ÎLE-DE-MONTRÉAL,HÔPITAL GÉNÉRAL JUIF,51248250,8789,1643,496,10.998227993,7546,2.6284068086,2895,174,50,3.7623845711,1831,3.0828304205,5894,965,277,14.552311249,5715,2.4828163216,1469,446
2024-2025,1,06,Montréal,CIUSSS DU CENTRE-SUD-DE-L'ÎLE-DE-MONTRÉAL,HÔPITAL DE VERDUN,51218097,4072,725,232,8.8046032526,3471,2.0888660809,2625,229,75,4.1354968254,2028,2.6853714661,1447,383,32,17.27482051,1443,1.250534188,496,157
2024-2025,1,06,Montréal,CIUSSS DU CENTRE-SUD-DE-L'ÎLE-DE-MONTRÉAL,HÔPITAL NOTRE-DAME,51236313,3619,536,554,11.694794449,3002,2.0796145162,2204,97,254,5.8454501916,1595,2.8818277604,1415,437,71,20.805716529,1407,1.1702114428,439,300
2024-2025,1,06,Montréal,CIUSSS DU NORD-DE-L'ÎLE-DE-MONTRÉAL,HÔPITAL DU SACRÉ-COEUR-DE-MONTRÉAL,12475976,6261,1220,264,11.053051873,4859,3.0982147104,4147,340,108,6.1268824183,2750,4.3288,2114,747,164,20.71663973,2109,1.4936108477,880,156
2024-2025,1,06,Montréal,CIUSSS DU NORD-DE-L'ÎLE-DE-MONTRÉAL,HÔPITAL EN SANTÉ MENTALE ALBERT-PRÉVOST,51848752,303,14,302,24.564310598,297,0.5683800973,138,12,137,4.9347966989,132,0.7686489899,165,113,62,40.981722222,165,0.4081649832,2,165
2024-2025,1,06,Montréal,CIUSSS DU NORD-DE-L'ÎLE-DE-MONTRÉAL,HÔPITAL FLEURY,51228492,3026,533,73,9.1525423184,2213,3.7537612341,2217,199,35,5.5697225981,1407,4.7094083156,809,281,13,18.970974111,806,2.0855286738,334,38
2024-2025,1,06,Montréal,CIUSSS DU NORD-DE-L'ÎLE-DE-MONTRÉAL,HÔPITAL JEAN-TALON,51228500,4075,530,337,7.7338176551,2938,3.2452679449,3055,159,128,5.0125200036,1925,4.1315880231,1020,233,8,15.884370915,1013,1.5609973127,371,209
2024-2025,1,06,Montréal,INSTITUT DE CARDIOLOGIE DE MONTRÉAL,INSTITUT DE CARDIOLOGIE DE MONTRÉAL,51248201,2020,563,51,8.0187073707,1959,1.8461933526,1328,269,43,3.9640455572,1267,2.166995966,692,148,11,15.799908076,692,1.2588278741,294,8
2024-2025,1,07,Outaouais,CISSS DE L'OUTAOUAIS,CENTRE MULTISERVICES DE SANTÉ ET DE SERVICES SOCIAUX DE MANSFIELD-ET-PONTEFRACT,51245058,902,117,24,3.5729930402,841,1.5080466376,883,112,24,3.4565008808,822,1.5131461206,19,1,0,8.9868128655,19,1.2874269006,5,0
2024-2025,1,07,Outaouais,CISSS DE L'OUTAOUAIS,CLSC ET CENTRE D'HÉBERGEMENT DE LA PETITE-NATION,51219491,1132,142,33,3.5498942383,983,1.8535127727,1047,113,33,3.4439820121,898,1.9532133135,85,0,0,4.8544836601,85,0.8002058824,29,0
2024-2025,1,07,Outaouais,CISSS DE L'OUTAOUAIS,HÔPITAL DE GATINEAU,51221703,3654,491,437,13.72880884,2314,5.6962914146,2208,156,112,7.1669893569,957,6.2227249507,1446,469,163,23.748516598,1357,5.3250335708,335,325
2024-2025,1,07,Outaouais,CISSS DE L'OUTAOUAIS,HÔPITAL DE HULL,51221711,3258,664,114,12.172368102,2264,4.7948284747,2063,212,69,6.8635396133,1103,5.5851108089,1195,379,126,21.337316364,1161,4.0440262226,452,45
2024-2025,1,07,Outaouais,CISSS DE L'OUTAOUAIS,HÔPITAL DE MANIWAKI,51221893,1273,180,72,7.808269835,1078,2.7536410019,948,105,39,3.9683301102,758,2.8829738347,325,89,34,19.009078632,320,2.4472838542,75,33
2024-2025,1,07,Outaouais,CISSS DE L'OUTAOUAIS,HÔPITAL ET CHSLD DE PAPINEAU,51228823,2213,288,103,10.079861174,1649,4.0812020753,1566,112,40,4.5834010927,1009,4.4270732849,647,225,76,23.383503349,640,3.5359144965,176,63
2024-2025,1,07,Outaouais,CISSS DE L'OUTAOUAIS,HÔPITAL ET CHSLD DU PONTIAC,51219459,1154,132,38,5.1106670037,1034,2.153706211,818,83,21,3.8186881961,700,2.2166015873,336,17,3,8.256020172,334,2.0218895542,49,17
2024-2025,1,07,Outaouais,CISSS DE L'OUTAOUAIS,HÔPITAL ET CHSLD MÉMORIAL DE WAKEFIELD / WAKEFIELD MEMORIAL HOSPITAL,51228799,1566,141,39,5.9063060522,1286,3.5526339209,1390,88,24,4.8323523181,1112,3.736238759,176,33,5,14.388099747,174,2.3792512771,53,15
2024-2025,1,08,Abitibi-Témiscamingue,CISSS DE L'ABITIBI-TÉMISCAMINGUE,CENTRE MULTISERVICES DE SANTÉ ET DE SERVICES SOCIAUX DE LA SARRE,51247559,1711,221,92,5.5491604974,1526,2.5609248944,1401,140,62,4.6485896978,1220,2.7455250455,310,33,5,9.6191594982,306,1.8249373638,81,30
2024-2025,1,08,Abitibi-Témiscamingue,CISSS DE L'ABITIBI-TÉMISCAMINGUE,CENTRE MULTISERVICES DE SANTÉ ET DE SERVICES SOCIAUX DE TÉMISCAMING-KIPAWA,51247476,503,35,40,2.4866042633,478,1.0014022548,473,28,36,2.1043058492,448,1.0288318452,30,0,0,8.5141759259,30,0.591787037,7,4
2024-2025,1,08,Abitibi-Témiscamingue,CISSS DE L'ABITIBI-TÉMISCAMINGUE,CENTRE MULTISERVICES DE SANTÉ ET DE SERVICES SOCIAUX DE VILLE-MARIE,51247542,1038,134,48,4.8641819204,918,2.5654989712,870,84,38,4.200401341,753,2.6947292312,168,2,0,8.3016170635,165,1.9757390572,50,10
2024-2025,1,08,Abitibi-Témiscamingue,CISSS DE L'ABITIBI-TÉMISCAMINGUE,HÔPITAL D'AMOS,51228906,2549,263,104,4.328550085,2324,1.9592950373,2004,119,84,3.1277162342,1782,2.168905568,545,38,2,8.7440932722,542,1.2701327388,144,20
2024-2025,1,08,Abitibi-Témiscamingue,CISSS DE L'ABITIBI-TÉMISCAMINGUE,HÔPITAL DE ROUYN-NORANDA,51228922,2640,335,125,6.4699978956,2081,3.4049859843,2110,156,77,5.404954713,1553,3.8542886528,530,31,0,10.710075472,528,2.0834574916,179,48
2024-2025,1,08,Abitibi-Témiscamingue,CISSS DE L'ABITIBI-TÉMISCAMINGUE,HÔPITAL DE VAL-D'OR,51225589,2779,315,181,7.6932712606,2218,4.3168700531,2345,186,140,6.4514888652,1786,4.8786479719,434,83,8,14.402901946,432,1.9943344907,129,41
2024-2025,1,09,Côte-Nord,CISSS DE LA CÔTE-NORD,CENTRE MULTISERVICES DE SANTÉ ET DE SERVICES SOCIAUX DE FERMONT,51245108,585,0,34,5.0506063628,524,2.1765871501,549,0,31,5.0144879579,488,2.2383874089,36,0,0,5.601412037,36,1.3388503086,0,3
2024-2025,1,09,Côte-Nord,CISSS DE LA CÔTE-NORD,CENTRE MULTISERVICES DE SANTÉ ET DE SERVICES SOCIAUX DE FORESTVILLE,51218741,1105,142,56,4.248858723,924,2.3954873136,951,101,44,3.6538068115,780,2.6381951567,154,7,0,7.9234974747,144,1.0808198302,41,12
2024-2025,1,09,Côte-Nord,CISSS DE LA CÔTE-NORD,CENTRE MULTISERVICES DE SANTÉ ET DE SERVICES SOCIAUX DE LA BASSE-CÔTE-NORD,51245140,375,46,19,2.3266118519,371,0.8282285115,283,31,18,2.1577836671,279,0.8275577459,92,0,0,2.845942029,92,0.8302626812,15,1
2024-2025,1,09,Côte-Nord,CISSS DE LA CÔTE-NORD,CENTRE MULTISERVICES DE SANTÉ ET DE SERVICES SOCIAUX DE LA MINGANIE,51245116,1426,136,34,2.9950216223,656,2.8997607554,1071,99,7,1.6260449735,313,3.0770802272,355,15,0,7.1250892019,343,2.7379502753,37,27
2024-2025,1,09,Côte-Nord,CISSS DE LA CÔTE-NORD,CENTRE MULTISERVICES DE SANTÉ ET DE SERVICES SOCIAUX DE PORT-CARTIER,51245132,1414,145,52,5.786221515,1211,3.2202078172,1279,112,45,4.8040374424,1077,3.4341769834,135,25,8,15.091506173,134,1.5004705638,33,7
2024-2025,1,09,Côte-Nord,CISSS DE LA CÔTE-NORD,CENTRE MULTISERVICES DE SANTÉ ET DE SERVICES SOCIAUX DES ESCOUMINS,51218733,868,125,37,3.5039880952,787,1.7322515177,786,89,36,2.9956403732,706,1.7381244098,82,3,0,8.3766869919,81,1.6810631001,36,1
2024-2025,1,09,Côte-Nord,CISSS DE LA CÔTE-NORD,CLSC ET HÔPITAL LE ROYER,51228765,2220,334,121,10.271161286,1955,3.8707125604,1641,147,71,5.8664381475,1377,4.4536669894,579,179,99,22.755013913,578,2.4819093618,187,50
2024-2025,1,09,Côte-Nord,CISSS DE LA CÔTE-NORD,HÔPITAL ET CLSC DE SEPT-ÎLES,51232023,2010,230,162,8.6975335821,1590,4.1241034242,1345,88,76,5.399314746,949,4.4308093315,665,122,26,15.368367168,641,3.6700255677,142,86
2024-2025,1,11,Gaspésie-Îles-de-la-Madeleine,CISSS DE LA GASPÉSIE,CENTRE MULTISERVICES DE SANTÉ ET DE SERVICES SOCIAUX DE GRANDE-VALLÉE,51247732,619,134,16,1.8913619637,459,1.1949485597,595,124,16,1.7486447246,437,1.2292073481,24,0,0,5.4295601852,22,0.5144444444,10,0
2024-2025,1,11,Gaspésie-Îles-de-la-Madeleine,CISSS DE LA GASPÉSIE,CLSC ET CENTRE DE SERVICES AMBULATOIRES DE MURDOCHVILLE,51221307,196,26,10,3.7344047619,191,2.0160645724,192,24,10,3.7381206597,187,2.0481788473,4,0,0,3.5560416667,4,0.5147222222,2,0
2024-2025,1,11,Gaspésie-Îles-de-la-Madeleine,CISSS DE LA GASPÉSIE,CLSC ET CENTRE DE SERVICES AMBULATOIRES DE PASPÉBIAC,51220978,1247,214,59,3.9669239508,1179,1.9233027047,911,129,40,3.1178537017,847,2.0100695264,336,12,0,6.2690162037,332,1.7019427711,85,19
2024-2025,1,11,Gaspésie-Îles-de-la-Madeleine,CISSS DE LA GASPÉSIE,HÔPITAL DE CHANDLER,51227775,1568,238,60,4.9735685941,1356,2.3220222878,1360,159,49,4.009189134,1149,2.4957620153,208,7,0,11.279126603,207,1.3576409018,79,11
2024-2025,1,11,Gaspésie-Îles-de-la-Madeleine,CISSS DE LA GASPÉSIE,HÔPITAL DE GASPÉ,51220903,1181,189,51,5.2774640135,1039,1.7777694899,929,104,31,3.6772918909,791,2.0809007585,252,25,1,11.176511243,248,0.8109274194,85,20
2024-2025,1,11,Gaspésie-Îles-de-la-Madeleine,CISSS DE LA GASPÉSIE,HÔPITAL ET CLSC DE SAINTE-ANNE-DES-MONTS,51247799,1325,228,60,4.1156308176,1230,1.8371802168,1066,133,40,2.7418910256,971,1.8988937521,259,18,1,9.7697104247,259,1.6058140283,95,20
2024-2025,1,11,Gaspésie-Îles-de-la-Madeleine,CISSS DE LA GASPÉSIE,HÔPITAL ET GROUPE DE MÉDECINE DE FAMILLE UNIVERSITAIRE DE MARIA,51227908,1554,268,73,5.7061162949,1430,2.0354669775,1178,129,30,3.7773759668,1054,2.2329116593,376,41,0,11.748818706,376,1.4819917258,139,43
2024-2025,1,11,Gaspésie-Îles-de-la-Madeleine,CISSS DES ÎLES,HÔPITAL DE L'ARCHIPEL,51227783,1515,241,45,4.5938828383,1373,1.8709676701,1254,160,28,3.3266775208,1118,1.9284009143,261,28,2,10.682294593,255,1.6191623094,81,17
2024-2025,1,12,Chaudière-Appalaches,CISSS DE CHAUDIÈRE-APPALACHES,CHSLD ET HÔPITAL PAUL-GILBERT,51245199,4277,332,46,2.999726119,3214,2.5395067586,4269,330,46,2.9989881185,3206,2.5447871179,8,0,0,3.3935416667,8,0.4234027778,2,0
2024-2025,1,12,Chaudière-Appalaches,CISSS DE CHAUDIÈRE-APPALACHES,HÔPITAL DE MONTMAGNY,51245223,3507,514,95,4.4360844185,3226,1.5447471068,2804,283,57,2.6228481138,2524,1.7809017873,703,78,5,11.668395369,702,0.6956667458,231,38
2024-2025,1,12,Chaudière-Appalaches,CISSS DE CHAUDIÈRE-APPALACHES,HÔPITAL DE SAINT-GEORGES,51228971,4269,799,237,6.7514669712,3540,2.7401271186,3002,289,125,4.5736111111,2276,3.5182020113,1267,152,6,11.911627423,1264,1.3390998594,510,112
2024-2025,1,12,Chaudière-Appalaches,CISSS DE CHAUDIÈRE-APPALACHES,HÔPITAL DE THETFORD,51245231,4051,663,122,6.4068685373,3568,2.6312608215,3243,338,64,4.7831332443,2762,3.04048415,808,116,1,12.923915017,806,1.2289347257,325,58
2024-2025,1,12,Chaudière-Appalaches,CISSS DE CHAUDIÈRE-APPALACHES,HÔTEL-DIEU DE LÉVIS,51227569,7392,1384,530,9.0080797559,6500,1.8254573932,5155,551,258,3.9522167798,4264,2.3545780566,2237,642,253,20.658939676,2236,0.8164365931,833,272
2024-2025,1,13,Laval,CISSS DE LAVAL,HÔPITAL DE LA CITÉ-DE-LA-SANTÉ,51228757,8456,1583,547,10.31710958,6609,3.3996411879,5225,469,112,5.9614050505,3384,4.4311252298,3231,773,62,17.360921455,3225,2.317302584,1114,435
2024-2025,1,14,Lanaudière,CISSS DE LANAUDIÈRE,HÔPITAL DE LANAUDIÈRE ET CENTRE D'HÉBERGEMENT PARPHILIA-FERLAND,51244945,6691,1182,516,9.2384414387,5414,2.3119547572,4277,321,359,4.9666603019,3010,3.1019562569,2414,625,105,16.806961705,2404,1.3228097846,861,157
2024-2025,1,14,Lanaudière,CISSS DE LANAUDIÈRE,HÔPITAL PIERRE-LE GARDEUR,51228062,7233,1365,423,10.567317772,5027,4.330214232,4808,442,141,5.7878535196,2611,5.0282437551,2425,816,79,20.043467927,2416,3.5758454056,923,282
2024-2025,1,15,Laurentides,CISSS DES LAURENTIDES,CENTRE MULTISERVICES DE SANTÉ ET DE SERVICES SOCIAUX D'ARGENTEUIL,51245306,1892,244,66,7.7998527425,1498,3.4068075953,1541,124,45,5.5671400245,1147,3.9269250702,351,83,13,17.602161285,351,1.7071644508,120,21
2024-2025,1,15,Laurentides,CISSS DES LAURENTIDES,CENTRE MULTISERVICES DE SANTÉ ET DE SERVICES SOCIAUX DE RIVIÈRE-ROUGE,51217628,1208,153,62,6.3251924669,1039,2.6919382954,915,74,27,3.9868387978,750,2.7675018519,293,47,7,13.627559727,289,2.4958391003,79,35
2024-2025,1,15,Laurentides,CISSS DES LAURENTIDES,CENTRE MULTISERVICES DE SANTÉ ET DE SERVICES SOCIAUX DE SAINTE-AGATHE,51246874,2847,562,179,10.532769094,2299,3.4870203228,1870,213,53,5.8283847296,1332,4.330094678,977,284,55,19.537066701,967,2.325722452,349,126
2024-2025,1,15,Laurentides,CISSS DES LAURENTIDES,HÔPITAL DE MONT-LAURIER,51217610,1706,250,87,9.0977868959,1385,3.0721486161,1289,132,44,5.7519963796,973,3.2918870618,417,109,31,19.440050626,412,2.5532032093,118,43
2024-2025,1,15,Laurentides,CISSS DES LAURENTIDES,HÔPITAL DE SAINT-EUSTACHE,51228864,4910,1034,305,12.890244286,3620,3.5104576427,2874,287,81,6.7265102838,1596,5.223656015,2036,704,210,21.590917922,2024,2.1595363966,747,224
2024-2025,1,15,Laurentides,CISSS DES LAURENTIDES,HÔPITAL DE SAINT-JÉRÔME,51228880,5623,1047,563,15.384749788,4275,4.0907967511,3193,293,159,6.5881623865,1854,5.4914630529,2430,886,412,26.943393233,2421,3.0181675387,754,404
2024-2025,1,16,Montérégie,CISSS DE LA MONTÉRÉGIE-CENTRE,HÔPITAL CHARLES-LE MOYNE,51233799,7239,1364,650,10.631850163,3918,5.3413918666,5052,538,271,5.8663637613,1733,6.1593245496,2187,880,99,21.640189123,2185,4.6926608187,826,379
2024-2025,1,16,Montérégie,CISSS DE LA MONTÉRÉGIE-CENTRE,HÔPITAL DU HAUT-RICHELIEU,51229045,5565,997,375,11.958506539,3987,4.7005000279,3714,334,120,7.060103961,2160,6.1099188529,1851,600,256,21.787067951,1827,3.0341920574,663,255
2024-2025,1,16,Montérégie,CISSS DE LA MONTÉRÉGIE-EST,HÔPITAL HONORÉ-MERCIER,51229193,4374,895,268,9.5103995199,3300,4.6297121212,2311,296,90,6.0900830569,1266,6.1973736177,2063,334,33,13.341883449,2034,3.6539700098,599,178
2024-2025,1,16,Montérégie,CISSS DE LA MONTÉRÉGIE-EST,HÔPITAL PIERRE-BOUCHER,51229011,5292,1186,312,12.676226694,3875,4.9999781362,2482,337,92,6.5314945385,1098,6.6455752884,2810,694,246,18.103708976,2777,4.3493243108,849,220
2024-2025,1,16,Montérégie,CISSS DE LA MONTÉRÉGIE-EST,HÔTEL-DIEU DE SOREL,51229102,3544,562,166,7.2223448865,3000,2.4777953704,2470,224,46,4.0045895187,1934,2.7689101459,1074,219,21,14.622583023,1066,1.9496377945,338,120
2024-2025,1,16,Montérégie,CISSS DE LA MONTÉRÉGIE-OUEST,HÔPITAL ANNA-LABERGE,51229151,3506,793,262,17.178807758,2836,1.6346262341,1998,194,56,7.8578161495,1328,2.9520582329,1508,678,323,29.528503537,1508,0.4744473917,599,206
2024-2025,1,16,Montérégie,CISSS DE LA MONTÉRÉGIE-OUEST,HÔPITAL BARRIE MEMORIAL / BARRIE MEMORIAL HOSPITAL,51228005,1984,190,37,5.9115437388,1716,3.1162296037,1692,110,32,4.1345818558,1424,2.8896262484,292,73,12,16.208185883,292,4.2213089802,80,5
2024-2025,1,16,Montérégie,CISSS DE LA MONTÉRÉGIE-OUEST,HÔPITAL DU SUROÎT,51229136,4009,794,321,13.380553823,3059,2.6723563438,2206,164,175,5.0775329908,1336,3.773313997,1803,532,297,23.539435663,1723,1.8186828529,630,146
2025-2026,1,01,Bas-Saint-Laurent,CISSS DU BAS-SAINT-LAURENT,CENTRE HOSPITALIER RÉGIONAL DU GRAND-PORTAGE,51218352,1963,408,91,5.1588136073,1612,2.3776519851,1407,173,51,3.4419631999,1060,2.7756048218,556,19,0,9.5034332534,552,1.61346719,235,40
2025-2026,1,01,Bas-Saint-Laurent,CISSS DU BAS-SAINT-LAURENT,CENTRE MULTISERVICES DE SANTÉ ET DE SERVICES SOCIAUX DE TROIS-PISTOLES,51236156,1128,185,30,3.5750386623,1026,1.8385759151,956,127,24,2.8367936425,855,1.9502280702,172,0,0,7.6783074935,171,1.2803151397,58,6
2025-2026,1,01,Bas-Saint-Laurent,CISSS DU BAS-SAINT-LAURENT,CLSC DE POHÉNÉGAMOOK,51219418,989,121,39,1.9479746658,928,1.1117585608,935,104,35,1.6694726679,875,1.117171746,54,1,0,6.7701851852,53,1.0223899371,17,4
2025-2026,1,01,Bas-Saint-Laurent,CISSS DU BAS-SAINT-LAURENT,HÔPITAL D'AMQUI,51226892,1275,214,38,4.570745098,1160,1.4366918103,917,102,23,3.3054940628,807,1.6547384001,358,15,3,7.8116255431,353,0.9382113629,112,15
2025-2026,1,01,Bas-Saint-Laurent,CISSS DU BAS-SAINT-LAURENT,HÔPITAL DE MATANE,51218980,1572,325,55,5.697414829,1416,2.6145270323,1151,158,38,4.2035481224,1005,2.9255533444,421,44,3,9.7815967274,411,1.8539882401,167,17
2025-2026,1,01,Bas-Saint-Laurent,CISSS DU BAS-SAINT-LAURENT,HÔPITAL DE NOTRE-DAME-DU-LAC,51221877,1170,237,41,3.8815750237,1080,1.5470072016,862,107,20,2.5599352282,775,1.7718297491,308,12,0,7.5804500361,305,0.9757367942,130,21
2025-2026,1,01,Bas-Saint-Laurent,CISSS DU BAS-SAINT-LAURENT,HÔPITAL NOTRE-DAME-DE-FATIMA,51221141,1450,285,44,4.9407697318,1356,1.9929781219,1148,164,25,3.4978097174,1054,2.1675856525,302,23,0,10.425928992,302,1.3835862767,121,19
2025-2026,1,01,Bas-Saint-Laurent,CISSS DU BAS-SAINT-LAURENT,HÔPITAL RÉGIONAL DE RIMOUSKI,51227882,2853,572,159,7.2322156015,2203,3.2075109699,1985,241,82,4.8616768822,1347,3.6576012538,868,112,7,12.653320853,856,2.4992497404,331,77
2025-2026,1,02,Saguenay-Lac-Saint-Jean,CIUSSS DU SAGUENAY - LAC-SAINT-JEAN,HÔPITAL D'ALMA,51219400,3118,524,140,4.3397352291,2464,2.4267874053,2439,311,69,3.2331396064,1795,2.6001884865,679,8,0,8.3146788578,669,1.9615333832,213,71
2025-2026,1,02,Saguenay-Lac-Saint-Jean,CIUSSS DU SAGUENAY - LAC-SAINT-JEAN,HÔPITAL DE CHICOUTIMI,51218394,4669,817,352,9.3301919873,3972,3.2638532925,2607,241,134,6.105314964,1932,4.3939489878,2062,324,17,13.407424965,2040,2.1935861928,576,218
2025-2026,1,02,Saguenay-Lac-Saint-Jean,CIUSSS DU SAGUENAY - LAC-SAINT-JEAN,HÔPITAL DE DOLBEAU-MISTASSINI,51219384,1893,304,62,3.9429525445,1699,1.8040857367,1592,208,43,2.9705154243,1398,1.9276378954,301,10,0,9.0862080103,301,1.230245478,96,19
2025-2026,1,02,Saguenay-Lac-Saint-Jean,CIUSSS DU SAGUENAY - LAC-SAINT-JEAN,HÔPITAL DE LA BAIE,51221364,1837,275,78,5.024633914,1595,2.4920402299,1385,144,49,3.8110599679,1147,2.733718638,452,5,0,8.7432177974,448,1.8732787698,131,29
2025-2026,1,02,Saguenay-Lac-Saint-Jean,CIUSSS DU SAGUENAY - LAC-SAINT-JEAN,HÔPITAL ET CENTRE D'HÉBERGEMENT DE ROBERVAL,51228203,2191,335,152,5.9073867843,1904,2.3380651844,1506,160,55,3.6903967463,1233,2.5704384068,685,69,5,10.781528386,671,1.9110664017,175,97
2025-2026,1,02,Saguenay-Lac-Saint-Jean,CIUSSS DU SAGUENAY - LAC-SAINT-JEAN,HÔPITAL ET CENTRE DE RÉADAPTATION DE JONQUIÈRE,51224541,2396,489,117,7.6568554072,1896,4.0075553797,1499,161,47,5.2147716997,1025,4.4594945799,897,59,0,11.737884925,871,3.4757095931,328,70
2025-2026,1,03,Capitale-Nationale,CHU DE QUÉBEC - UNIVERSITÉ LAVAL,CENTRE HOSPITALIER DE L'UNIVERSITÉ LAVAL,51217594,6897,671,677,8.3610084095,5693,2.12037712,4014,126,234,4.7694589769,2824,2.9073319956,2883,340,112,13.361521563,2869,1.345765559,545,443
2025-2026,1,03,Capitale-Nationale,CHU DE QUÉBEC - UNIVERSITÉ LAVAL,HÔPITAL DE L'ENFANT-JÉSUS,51233914,5927,1125,747,9.693404711,5261,1.6751137828,3249,349,201,4.0613919668,2611,2.0931225797,2678,520,114,16.526268567,2650,1.2632568134,776,546
2025-2026,1,03,Capitale-Nationale,CHU DE QUÉBEC - UNIVERSITÉ LAVAL,HÔPITAL DU SAINT-SACREMENT,51217529,3399,809,105,7.1195694812,2822,2.1383248681,2291,307,33,4.0990130462,1718,2.6368176821,1108,169,3,13.365142399,1104,1.3625905797,502,72
2025-2026,1,03,Capitale-Nationale,CHU DE QUÉBEC - UNIVERSITÉ LAVAL,HÔPITAL SAINT-FRANÇOIS D'ASSISE,51217602,3800,969,124,10.202429094,3160,2.4225966948,2144,264,64,5.1529915527,1512,3.4972222222,1656,401,10,16.739865137,1648,1.4366538565,705,60
2025-2026,1,03,Capitale-Nationale,CHU DE QUÉBEC - UNIVERSITÉ LAVAL,L'HÔTEL-DIEU DE QUÉBEC,51217586,2110,519,91,7.6336565298,1851,1.9654443544,1101,105,32,3.9036292764,853,2.4277077634,1009,86,1,11.703785376,998,1.5703434647,414,59
2025-2026,1,03,Capitale-Nationale,CIUSSS DE LA CAPITALE-NATIONALE,CENTRE MULTISERVICES DE SANTÉ ET DE SERVICES SOCIAUX CHAUVEAU,51225001,3942,320,54,2.9428078668,2757,1.8002912788,3723,294,49,2.8426889904,2540,1.8717979003,219,0,0,4.6448287671,217,0.9633013313,26,5
2025-2026,1,03,Capitale-Nationale,CIUSSS DE LA CAPITALE-NATIONALE,CENTRE MULTISERVICES DE SANTÉ ET DE SERVICES SOCIAUX DE BAIE-SAINT-PAUL,51244804,1077,179,37,4.9192927886,880,2.0056786616,843,116,11,3.2421190853,649,2.2592980654,234,15,0,10.961418566,231,1.2931289081,63,26
2025-2026,1,03,Capitale-Nationale,CIUSSS DE LA CAPITALE-NATIONALE,CENTRE MULTISERVICES DE SANTÉ ET DE SERVICES SOCIAUX DE SAINT-MARC-DES-CARRIÈRES,51247344,1694,257,34,2.8976095369,1426,1.4426667446,1422,151,21,2.2422263244,1157,1.6371691635,272,4,1,6.3239144199,269,0.6060894259,106,13
2025-2026,1,03,Capitale-Nationale,CIUSSS DE LA CAPITALE-NATIONALE,CENTRE MULTISERVICES DE SANTÉ ET DE SERVICES SOCIAUX DE SAINT-RAYMOND,51247302,1709,264,30,4.583370067,1336,2.0745479874,1301,137,15,3.3562311043,937,2.364489802,408,14,4,8.4963793573,399,1.3936570593,127,15
2025-2026,1,03,Capitale-Nationale,CIUSSS DE LA CAPITALE-NATIONALE,CENTRE MULTISERVICES DE SANTÉ ET DE SERVICES SOCIAUX DE SAINTE-ANNE-DE-BEAUPRÉ,51225357,1565,183,16,3.7375820021,1157,2.0121350715,1343,123,9,3.0216441218,941,2.1906349628,222,5,1,8.0686836837,216,1.2345036008,60,7
2025-2026,1,03,Capitale-Nationale,CIUSSS DE LA CAPITALE-NATIONALE,HÔPITAL ET CLSC DE LA MALBAIE,51228690,1295,244,34,4.2652198627,1088,1.3523794935,1067,168,18,2.83961184,860,1.5505636305,228,17,1,10.936815302,228,0.6048428363,76,16
2025-2026,1,03,Capitale-Nationale,INSTITUT UNIVERSITAIRE DE CARDIOLOGIE ET DE PNEUMOLOGIE DE QUÉBEC - UNIVERSITÉ LAVAL,INSTITUT UNIVERSITAIRE DE CARDIOLOGIE ET DE PNEUMOLOGIE DE QUÉBEC,51232130,2858,948,62,7.8880092917,2678,2.0967150029,1485,307,35,4.1549915825,1306,2.7412306449,1373,125,0,11.925541191,1372,1.4832037577,641,27
2025-2026,1,04,Mauricie et Centre-du-Québec,CIUSSS DE LA MAURICIE-ET-DU-CENTRE-DU-QUÉBEC,CENTRE MULTISERVICES DE SANTÉ ET DE SERVICES SOCIAUX AVELLIN-DALCOURT,51233583,2002,312,40,4.2765602453,1606,2.5706188598,1725,181,24,3.5600217391,1330,2.7997598162,277,12,1,8.7387585239,276,1.4664251208,131,16
2025-2026,1,04,Mauricie et Centre-du-Québec,CIUSSS DE LA MAURICIE-ET-DU-CENTRE-DU-QUÉBEC,CENTRE MULTISERVICES DE SANTÉ ET DE SERVICES SOCIAUX CHRIST-ROI,51246338,2044,245,61,4.6860784953,1630,2.9719921609,1621,118,26,3.8355687504,1224,3.2588643791,423,14,0,7.9453605201,406,2.1071360153,127,35
2025-2026,1,04,Mauricie et Centre-du-Québec,CIUSSS DE LA MAURICIE-ET-DU-CENTRE-DU-QUÉBEC,CENTRE MULTISERVICES DE SANTÉ ET DE SERVICES SOCIAUX DE FORTIERVILLE,51219160,831,77,20,2.288653229,607,1.7698677467,767,62,17,2.1740891641,545,1.8327650357,64,0,0,3.6616319444,62,1.2169802867,15,3
2025-2026,1,04,Mauricie et Centre-du-Québec,CIUSSS DE LA MAURICIE-ET-DU-CENTRE-DU-QUÉBEC,CENTRE MULTISERVICES DE SANTÉ ET DE SERVICES SOCIAUX DU HAUT-SAINT-MAURICE,51219731,998,166,61,4.7184006903,866,1.9475975109,729,94,34,3.0421181984,601,2.0997249954,269,4,0,9.2611885584,265,1.6025838574,72,27
2025-2026,1,04,Mauricie et Centre-du-Québec,CIUSSS DE LA MAURICIE-ET-DU-CENTRE-DU-QUÉBEC,HÔPITAL DU CENTRE-DE-LA-MAURICIE,51220051,2967,586,243,8.0684600045,2496,2.108707265,1789,170,62,3.9513640457,1324,2.8660036925,1178,204,25,14.32099368,1172,1.2531949185,416,181
2025-2026,1,04,Mauricie et Centre-du-Québec,CIUSSS DE LA MAURICIE-ET-DU-CENTRE-DU-QUÉBEC,HÔPITAL SAINTE-CROIX,51228781,3850,615,240,7.8482301587,2784,3.5223898467,2091,156,61,5.4799717041,1104,4.5446105072,1759,120,1,10.66348225,1680,2.8506448413,459,179
2025-2026,1,04,Mauricie et Centre-du-Québec,CIUSSS DE LA MAURICIE-ET-DU-CENTRE-DU-QUÉBEC,HÔTEL-DIEU D'ARTHABASKA,51228039,3446,721,198,5.6161011962,2913,2.044872125,1965,216,40,3.9302756573,1454,2.5611206633,1481,41,0,7.8528649936,1459,1.5303927728,505,158
2025-2026,1,04,Mauricie et Centre-du-Québec,CIUSSS DE LA MAURICIE-ET-DU-CENTRE-DU-QUÉBEC,PAVILLON SAINTE-MARIE,51220168,5373,1229,309,9.4322841057,4135,3.2065884052,2895,294,86,5.2638874496,1680,4.6972718254,2478,432,14,14.302142185,2455,2.1864873274,935,223
2025-2026,1,05,Estrie,CIUSSS DE L'ESTRIE - CENTRE HOSPITALIER UNIVERSITAIRE DE SHERBROOKE,CENTRE MULTISERVICES DE SANTÉ ET DE SERVICES SOCIAUX DE LA MRC DE COATICOOK,51247617,1946,181,55,2.6235682882,1573,2.0330905206,1410,108,38,2.3579846336,1055,2.0417048447,536,0,0,3.3222118574,518,2.015545903,73,17
2025-2026,1,05,Estrie,CIUSSS DE L'ESTRIE - CENTRE HOSPITALIER UNIVERSITAIRE DE SHERBROOKE,CENTRE MULTISERVICES DE SANTÉ ET DE SERVICES SOCIAUX DE MEMPHRÉMAGOG,51219046,1955,442,73,7.0955804206,1598,3.6652291058,1370,192,30,4.9189030819,1019,4.1003257551,585,69,11,12.193098291,579,2.8994890616,250,43
2025-2026,1,05,Estrie,CIUSSS DE L'ESTRIE - CENTRE HOSPITALIER UNIVERSITAIRE DE SHERBROOKE,CENTRE MULTISERVICES DE SANTÉ ET DE SERVICES SOCIAUX DES SOURCES,51247583,1554,238,55,5.508521021,1292,3.8362315101,1324,144,35,4.8429149883,1066,4.1154445487,230,8,0,9.3400966184,226,2.5192354966,94,20
2025-2026,1,05,Estrie,CIUSSS DE L'ESTRIE - CENTRE HOSPITALIER UNIVERSITAIRE DE SHERBROOKE,CENTRE MULTISERVICES DE SANTÉ ET DE SERVICES SOCIAUX DU GRANIT,51223832,1426,228,62,4.6285082593,1225,2.8411575964,1188,137,41,3.8030443322,989,3.0811495899,238,5,0,8.7488912232,236,1.8354284369,91,21
2025-2026,1,05,Estrie,CIUSSS DE L'ESTRIE - CENTRE HOSPITALIER UNIVERSITAIRE DE SHERBROOKE,CHUS - HÔPITAL FLEURIMONT,51216687,4054,634,117,8.9784287124,3476,2.8854670119,2109,117,30,6.379832464,1532,4.8484769365,1945,234,1,11.79613539,1944,1.3384859396,517,87
2025-2026,1,05,Estrie,CIUSSS DE L'ESTRIE - CENTRE HOSPITALIER UNIVERSITAIRE DE SHERBROOKE,CHUS - HÔTEL-DIEU DE SHERBROOKE,51216695,4102,954,515,12.367666179,3422,3.4949883109,2032,234,118,6.6795521654,1354,5.4870630231,2070,429,103,17.951360709,2068,2.1906995487,720,397
2025-2026,1,05,Estrie,CIUSSS DE L'ESTRIE - CENTRE HOSPITALIER UNIVERSITAIRE DE SHERBROOKE,HÔPITAL BROME-MISSISQUOI-PERKINS,51229185,2567,480,94,9.5354228888,2166,3.324703755,1769,154,42,5.3225252811,1376,3.7774063307,798,244,58,18.874540518,790,2.5361990155,326,52
2025-2026,1,05,Estrie,CIUSSS DE L'ESTRIE - CENTRE HOSPITALIER UNIVERSITAIRE DE SHERBROOKE,HÔPITAL DE GRANBY,51228120,3478,587,212,10.873478691,2636,3.9446224288,2389,245,82,6.648615297,1554,5.076787323,1089,409,47,20.141797011,1082,2.3185741425,342,130
2025-2026,1,06,Montréal,CENTRE HOSPITALIER DE L'UNIVERSITÉ DE MONTRÉAL,CENTRE HOSPITALIER DE L'UNIVERSITÉ DE MONTRÉAL,51236297,6895,1116,630,11.747266941,5214,2.7748058646,4030,271,239,6.8597538599,2377,4.3564879867,2865,856,87,18.62219808,2837,1.449582599,845,391
2025-2026,1,06,Montréal,CENTRE HOSPITALIER UNIVERSITAIRE SAINTE-JUSTINE,CHU SAINTE-JUSTINE,51222800,6915,0,200,5.2916151281,5864,1.9756397794,4457,0,72,4.4961993618,3465,2.5811616963,2458,26,1,6.7339129599,2399,1.1010531008,0,128
2025-2026,1,06,Montréal,CENTRE UNIVERSITAIRE DE SANTÉ MCGILL,HÔPITAL DE LACHINE,51228310,1767,300,57,9.709764667,1476,2.8729674797,1335,137,23,4.7759082397,1049,3.0705023303,432,143,71,24.956751543,427,2.3876886547,163,34
2025-2026,1,06,Montréal,CENTRE UNIVERSITAIRE DE SANTÉ MCGILL,HÔPITAL GÉNÉRAL DE MONTRÉAL,51248219,3155,420,448,13.93723446,2753,1.4578168261,1601,118,94,5.0266172184,1213,2.0593411652,1554,432,225,23.117349135,1540,0.984018759,302,354
2025-2026,1,06,Montréal,CENTRE UNIVERSITAIRE DE SANTÉ MCGILL,HÔPITAL ROYAL VICTORIA,51223295,4417,697,114,15.558967248,3563,3.5532170144,2445,160,43,7.6434993183,1617,4.9182366179,1972,709,299,25.37302358,1946,2.4189741064,537,71
2025-2026,1,06,Montréal,CENTRE UNIVERSITAIRE DE SANTÉ MCGILL,L'HÔPITAL DE MONTRÉAL POUR ENFANTS,51223279,6567,1,235,5.5432306736,6142,1.5998014581,5094,0,75,4.5191998757,4673,1.8090855862,1473,78,5,9.0845836162,1469,0.9340528326,1,160
2025-2026,1,06,Montréal,CIUSSS DE L'EST-DE-L'ÎLE-DE-MONTRÉAL,HÔPITAL MAISONNEUVE-ROSEMONT,12934659,6000,1012,443,10.192112176,4398,2.8849211131,3485,238,95,4.3638685637,1904,3.942455503,2515,722,121,18.268227082,2494,2.0775652678,774,348
2025-2026,1,06,Montréal,CIUSSS DE L'EST-DE-L'ÎLE-DE-MONTRÉAL,HÔPITAL SANTA CABRINI,51235919,3306,858,119,11.576740522,2478,3.245523944,1833,185,50,5.316073377,1014,4.8462278107,1473,474,63,19.367509618,1464,2.1368397086,673,69
2025-2026,1,06,Montréal,CIUSSS DE L'EST-DE-L'ÎLE-DE-MONTRÉAL,INSTITUT UNIVERSITAIRE EN SANTÉ MENTALE DE MONTRÉAL,51235307,504,23,504,17.812285053,490,1.2725793651,226,8,226,3.1314097837,213,1.1880868545,278,139,50,29.747097322,277,1.3375501404,15,278
2025-2026,1,06,Montréal,CIUSSS DE L'OUEST-DE-L'ÎLE-DE-MONTRÉAL,CENTRE HOSPITALIER DE ST. MARY,51248243,3160,657,214,10.292804325,2805,2.8584491979,1977,196,66,6.139342438,1626,3.6258880005,1183,269,22,17.233965906,1179,1.8000475921,461,148
2025-2026,1,06,Montréal,CIUSSS DE L'OUEST-DE-L'ÎLE-DE-MONTRÉAL,HÔPITAL DE LASALLE,51224392,2497,357,65,9.8121423486,2120,2.9091325996,1902,134,26,5.1741171574,1527,3.3845366732,595,209,91,24.63823296,593,1.6849470676,223,39
2025-2026,1,06,Montréal,CIUSSS DE L'OUEST-DE-L'ÎLE-DE-MONTRÉAL,HÔPITAL DOUGLAS,51235190,547,12,537,14.050766809,506,2.4337999561,287,5,279,4.2132452575,247,2.5180555556,260,121,13,24.909877137,259,2.3534480909,7,258
2025-2026,1,06,Montréal,CIUSSS DE L'OUEST-DE-L'ÎLE-DE-MONTRÉAL,HÔPITAL GÉNÉRAL DU LAKESHORE,51228278,3302,820,173,17.314293526,2752,2.8769763404,1966,209,19,6.9404388493,1424,3.7604244694,1336,505,311,32.580010812,1328,1.9296644913,611,154
2025-2026,1,06,Montréal,CIUSSS DU CENTRE-OUEST-DE-L'ÎLE-DE-MONTRÉAL,HÔPITAL GÉNÉRAL JUIF,51248250,8524,1650,455,10.463252679,7457,2.2946069688,3183,223,57,3.6089278982,2215,2.5638137698,5341,820,264,14.548127379,5242,2.1808539997,1427,398
2025-2026,1,06,Montréal,CIUSSS DU CENTRE-SUD-DE-L'ÎLE-DE-MONTRÉAL,HÔPITAL DE VERDUN,51218097,3889,723,224,8.8132046227,3379,1.6576974614,2587,213,83,3.9632242409,2079,2.0627244669,1302,420,26,18.44983999,1300,1.009965812,510,141
2025-2026,1,06,Montréal,CIUSSS DU CENTRE-SUD-DE-L'ÎLE-DE-MONTRÉAL,HÔPITAL NOTRE-DAME,51236313,3553,494,463,10.308302452,3072,2.0789659288,2246,127,188,5.333152147,1770,2.730240113,1307,270,55,18.85779563,1302,1.19359319,367,275
2025-2026,1,06,Montréal,CIUSSS DU NORD-DE-L'ÎLE-DE-MONTRÉAL,HÔPITAL DU SACRÉ-COEUR-DE-MONTRÉAL,12475976,5979,1188,280,11.13688428,4431,3.2317277891,4029,379,110,6.1593186206,2488,4.5695876876,1950,730,160,21.421300712,1943,1.5186061074,809,170
2025-2026,1,06,Montréal,CIUSSS DU NORD-DE-L'ÎLE-DE-MONTRÉAL,HÔPITAL EN SANTÉ MENTALE ALBERT-PRÉVOST,51848752,298,9,298,25.880537845,297,0.4691311261,132,3,132,4.7010606061,131,0.6722370653,166,113,63,42.722049866,166,0.3088487282,6,166
2025-2026,1,06,Montréal,CIUSSS DU NORD-DE-L'ÎLE-DE-MONTRÉAL,HÔPITAL FLEURY,51228492,2820,451,72,8.6202186761,2249,3.1244139371,2011,144,25,4.98960647,1440,3.9148958333,809,213,10,17.645139747,809,1.7173757039,307,47
2025-2026,1,06,Montréal,CIUSSS DU NORD-DE-L'ÎLE-DE-MONTRÉAL,HÔPITAL JEAN-TALON,51228500,3806,510,326,7.5105900041,2794,2.8188429571,2828,156,120,4.2640784614,1819,3.5790139576,978,228,12,16.898253238,975,1.4006367521,354,206
2025-2026,1,06,Montréal,INSTITUT DE CARDIOLOGIE DE MONTRÉAL,INSTITUT DE CARDIOLOGIE DE MONTRÉAL,51248201,2092,589,63,7.6174478171,2000,1.6755668056,1404,294,57,3.5726745014,1312,1.91626969,688,150,8,15.871607316,688,1.2165520026,295,6
2025-2026,1,07,Outaouais,CISSS DE L'OUTAOUAIS,CENTRE MULTISERVICES DE SANTÉ ET DE SERVICES SOCIAUX DE MANSFIELD-ET-PONTEFRACT,51245058,824,98,15,3.4827831715,754,1.7056023431,797,89,14,3.3443904224,727,1.7222814458,27,1,0,7.5679320988,27,1.2565020576,9,1
2025-2026,1,07,Outaouais,CISSS DE L'OUTAOUAIS,CLSC ET CENTRE D'HÉBERGEMENT DE LA PETITE-NATION,51219491,1136,154,23,3.3214612676,918,1.7888873759,1036,116,22,3.1576994852,818,1.9151575659,100,0,0,5.0180333333,100,0.7559972222,38,1
2025-2026,1,07,Outaouais,CISSS DE L'OUTAOUAIS,HÔPITAL DE GATINEAU,51221703,3688,532,468,13.311665537,2385,6.0034863732,2248,169,118,7.3104485469,1024,6.9288202582,1440,435,166,22.68023206,1361,5.3072763083,363,350
2025-2026,1,07,Outaouais,CISSS DE L'OUTAOUAIS,HÔPITAL DE HULL,51221711,3184,658,107,14.051281407,2151,6.0143034248,1857,161,60,8.2514946449,878,7.1947848646,1327,446,164,22.167486394,1273,5.2001143406,497,47
2025-2026,1,07,Outaouais,CISSS DE L'OUTAOUAIS,HÔPITAL DE MANIWAKI,51221893,1120,145,58,9.1548003472,988,2.1049710414,848,82,26,3.4971619497,720,2.2481466049,272,75,57,26.793320057,268,1.7203202736,63,32
2025-2026,1,07,Outaouais,CISSS DE L'OUTAOUAIS,HÔPITAL ET CHSLD DE PAPINEAU,51228823,2280,337,101,9.0231331628,1649,4.1845938616,1669,149,35,4.4162099727,1047,4.4230481269,611,194,55,21.607347245,602,3.7698735696,188,66
2025-2026,1,07,Outaouais,CISSS DE L'OUTAOUAIS,HÔPITAL ET CHSLD DU PONTIAC,51219459,1127,123,48,6.5725199645,989,2.215152511,989,94,32,4.1768158072,851,2.2864802846,138,51,21,23.741733092,138,1.7752979066,29,16
2025-2026,1,07,Outaouais,CISSS DE L'OUTAOUAIS,HÔPITAL ET CHSLD MÉMORIAL DE WAKEFIELD / WAKEFIELD MEMORIAL HOSPITAL,51228799,1598,115,40,5.1428594771,1251,2.9290525357,1425,76,29,3.8640996101,1081,3.0482598417,173,37,8,15.67599711,170,2.1710343137,39,11
2025-2026,1,08,Abitibi-Témiscamingue,CISSS DE L'ABITIBI-TÉMISCAMINGUE,CENTRE MULTISERVICES DE SANTÉ ET DE SERVICES SOCIAUX DE LA SARRE,51247559,1552,203,83,6.2781736827,1369,2.7333438844,1242,110,69,4.9560896404,1066,2.8745984469,310,34,2,11.575039427,303,2.2363888889,93,14
2025-2026,1,08,Abitibi-Témiscamingue,CISSS DE L'ABITIBI-TÉMISCAMINGUE,CENTRE MULTISERVICES DE SANTÉ ET DE SERVICES SOCIAUX DE TÉMISCAMING-KIPAWA,51247476,452,48,20,2.3046994838,418,0.8959489633,425,40,18,1.6883732026,391,0.9086352657,27,4,0,12.006131687,27,0.7122325103,8,2
2025-2026,1,08,Abitibi-Témiscamingue,CISSS DE L'ABITIBI-TÉMISCAMINGUE,CENTRE MULTISERVICES DE SANTÉ ET DE SERVICES SOCIAUX DE VILLE-MARIE,51247542,1094,170,48,5.3582470039,936,2.9926745014,905,110,36,4.4475841007,751,3.11421697,189,9,0,9.7188286302,185,2.4992777778,60,12
2025-2026,1,08,Abitibi-Témiscamingue,CISSS DE L'ABITIBI-TÉMISCAMINGUE,HÔPITAL D'AMOS,51228906,2201,264,100,4.9133846989,1972,2.1486342123,1630,120,80,3.6519729039,1413,2.4554246285,571,24,1,8.5142625024,559,1.3731514609,144,20
2025-2026,1,08,Abitibi-Témiscamingue,CISSS DE L'ABITIBI-TÉMISCAMINGUE,HÔPITAL DE ROUYN-NORANDA,51228922,2400,344,107,6.9264625,1818,3.9068431426,1936,199,73,5.971115559,1368,4.4812260396,464,39,1,10.912565254,450,2.1607191358,145,34
2025-2026,1,08,Abitibi-Témiscamingue,CISSS DE L'ABITIBI-TÉMISCAMINGUE,HÔPITAL DE VAL-D'OR,51225589,2626,284,166,7.9621440509,2087,3.8999660597,2139,149,117,6.1517171835,1603,4.4270173979,487,119,6,15.913895734,484,2.1543807392,135,49
2025-2026,1,09,Côte-Nord,CISSS DE LA CÔTE-NORD,CENTRE MULTISERVICES DE SANTÉ ET DE SERVICES SOCIAUX DE FERMONT,51245108,534,7,30,39.045940491,484,2.5077301423,509,6,29,40.629685658,459,2.5388846526,25,0,0,6.8008888889,25,1.9357333333,1,1
2025-2026,1,09,Côte-Nord,CISSS DE LA CÔTE-NORD,CENTRE MULTISERVICES DE SANTÉ ET DE SERVICES SOCIAUX DE FORESTVILLE,51218741,929,106,61,3.7769016864,776,1.7525408076,798,75,43,2.700858396,652,1.7773683538,131,15,1,10.33173028,124,1.6219959677,31,18
2025-2026,1,09,Côte-Nord,CISSS DE LA CÔTE-NORD,CENTRE MULTISERVICES DE SANTÉ ET DE SERVICES SOCIAUX DE LA BASSE-CÔTE-NORD,51245140,296,46,3,2.5754316817,288,0.940855517,255,35,3,2.3211819172,247,0.9757647323,41,0,0,4.1567411924,41,0.7305487805,11,0
2025-2026,1,09,Côte-Nord,CISSS DE LA CÔTE-NORD,CENTRE MULTISERVICES DE SANTÉ ET DE SERVICES SOCIAUX DE LA MINGANIE,51245116,886,73,37,5.5614080135,704,3.10454506,501,34,13,3.4613035041,325,3.1903948718,385,23,2,8.2942712843,379,3.0309271475,39,24
2025-2026,1,09,Côte-Nord,CISSS DE LA CÔTE-NORD,CENTRE MULTISERVICES DE SANTÉ ET DE SERVICES SOCIAUX DE PORT-CARTIER,51245132,1161,117,51,5.2070042588,1034,2.7807132495,1062,94,44,4.2014919439,935,2.9191238859,99,23,6,15.993409091,99,1.4735016835,23,7
2025-2026,1,09,Côte-Nord,CISSS DE LA CÔTE-NORD,CENTRE MULTISERVICES DE SANTÉ ET DE SERVICES SOCIAUX DES ESCOUMINS,51218733,834,131,43,3.6821183054,752,1.7263320035,698,82,35,2.9735709169,616,1.7059627525,136,5,0,7.3186335784,136,1.8185927288,49,8
2025-2026,1,09,Côte-Nord,CISSS DE LA CÔTE-NORD,CLSC ET HÔPITAL LE ROYER,51228765,2014,293,114,8.8829387344,1767,3.5123830409,1447,121,56,5.8442766644,1200,4.1909606481,567,145,37,16.637690084,567,2.0762399569,172,58
2025-2026,1,09,Côte-Nord,CISSS DE LA CÔTE-NORD,HÔPITAL ET CLSC DE SEPT-ÎLES,51232023,1943,241,162,8.7335930977,1543,3.7806059624,1367,118,69,5.3323049256,979,4.1753308365,576,130,31,16.805747492,564,3.0954363672,123,93
2025-2026,1,11,Gaspésie-Îles-de-la-Madeleine,CISSS DE LA GASPÉSIE,CENTRE MULTISERVICES DE SANTÉ ET DE SERVICES SOCIAUX DE GRANDE-VALLÉE,51247732,579,141,9,2.4241661869,408,1.119224537,533,122,9,1.7514800917,364,1.1404029304,46,4,2,10.218550725,44,0.9440214646,19,0
2025-2026,1,11,Gaspésie-Îles-de-la-Madeleine,CISSS DE LA GASPÉSIE,CLSC ET CENTRE DE SERVICES AMBULATOIRES DE MURDOCHVILLE,51221307,200,31,5,2.7388638889,195,1.8046452991,194,27,5,2.7206199885,189,1.8112624927,6,0,0,3.32875,6,1.5962037037,4,0
2025-2026,1,11,Gaspésie-Îles-de-la-Madeleine,CISSS DE LA GASPÉSIE,CLSC ET CENTRE DE SERVICES AMBULATOIRES DE PASPÉBIAC,51220978,1187,226,41,4.1392151081,1114,1.7369319769,847,136,32,3.0978522235,787,1.8870760977,340,16,2,6.7334338235,327,1.3755759429,90,9
2025-2026,1,11,Gaspésie-Îles-de-la-Madeleine,CISSS DE LA GASPÉSIE,HÔPITAL DE CHANDLER,51227775,1500,252,62,5.1785427778,1281,2.334835415,1292,178,52,3.8594356295,1074,2.4496009208,208,27,1,13.372227564,207,1.7393853999,74,10
2025-2026,1,11,Gaspésie-Îles-de-la-Madeleine,CISSS DE LA GASPÉSIE,HÔPITAL DE GASPÉ,51220903,1158,159,50,4.6798452792,1021,1.5810101752,941,94,38,3.5552969654,807,1.7770470191,217,5,1,9.5563428059,214,0.8417497404,65,12
2025-2026,1,11,Gaspésie-Îles-de-la-Madeleine,CISSS DE LA GASPÉSIE,HÔPITAL ET CLSC DE SAINTE-ANNE-DES-MONTS,51247799,1296,228,66,5.2698724709,1155,2.4397267917,1006,119,46,3.6426496576,869,2.6581440992,290,32,0,10.914652299,286,1.7760742036,109,20
2025-2026,1,11,Gaspésie-Îles-de-la-Madeleine,CISSS DE LA GASPÉSIE,HÔPITAL ET GROUPE DE MÉDECINE DE FAMILLE UNIVERSITAIRE DE MARIA,51227908,1432,268,64,8.5172761484,1346,2.0550177481,1040,119,33,3.7291752137,954,2.2674557419,392,151,38,21.220401077,392,1.5380130385,149,31
2025-2026,1,11,Gaspésie-Îles-de-la-Madeleine,CISSS DES ÎLES,HÔPITAL DE L'ARCHIPEL,51227783,1231,216,45,4.5860637242,1098,1.2351100486,991,141,27,2.8140901446,859,1.3014807269,240,29,7,11.902837963,239,0.9965643887,75,18
2025-2026,1,12,Chaudière-Appalaches,CISSS DE CHAUDIÈRE-APPALACHES,CHSLD ET HÔPITAL PAUL-GILBERT,51245199,3813,334,54,2.8547375208,3109,2.0147424145,3803,333,54,2.8563809273,3099,2.0206485067,10,0,0,2.22975,10,0.1844444444,1,0
2025-2026,1,12,Chaudière-Appalaches,CISSS DE CHAUDIÈRE-APPALACHES,HÔPITAL DE MONTMAGNY,51245223,3332,580,95,5.5288467887,3067,1.8799881353,2640,314,61,3.2659503367,2376,2.169581112,692,116,25,14.161862155,691,0.8842241518,266,34
2025-2026,1,12,Chaudière-Appalaches,CISSS DE CHAUDIÈRE-APPALACHES,HÔPITAL DE SAINT-GEORGES,51228971,4276,784,210,7.6383922539,3583,2.5426764505,3008,342,103,4.4459861665,2318,3.1998573962,1268,262,29,15.211544865,1265,1.3384508125,442,107
2025-2026,1,12,Chaudière-Appalaches,CISSS DE CHAUDIÈRE-APPALACHES,HÔPITAL DE THETFORD,51245231,3777,617,147,6.3508548083,3451,1.7928263949,2979,336,91,4.3521052926,2653,2.0387986347,798,140,5,13.812352061,798,0.9750765803,281,56
2025-2026,1,12,Chaudière-Appalaches,CISSS DE CHAUDIÈRE-APPALACHES,HÔTEL-DIEU DE LÉVIS,51227569,6957,1509,472,8.7971068308,6205,1.7000538992,4598,535,218,3.9510400657,3846,2.2345180418,2359,595,152,18.242725731,2359,0.8286892987,974,254
2025-2026,1,13,Laval,CISSS DE LAVAL,HÔPITAL DE LA CITÉ-DE-LA-SANTÉ,51228757,7993,1548,588,11.708465949,6255,3.6175171418,4871,431,118,6.0110609275,3142,4.4272141771,3122,1064,150,20.59765873,3113,2.8002771532,1117,470
2025-2026,1,14,Lanaudière,CISSS DE LANAUDIÈRE,HÔPITAL DE LANAUDIÈRE ET CENTRE D'HÉBERGEMENT PARPHILIA-FERLAND,51244945,6820,1202,457,7.9405975073,5507,2.3691252547,4462,361,316,4.7528674237,3158,3.067240342,2358,403,13,13.972680473,2349,1.4305780237,841,141
2025-2026,1,14,Lanaudière,CISSS DE LANAUDIÈRE,HÔPITAL PIERRE-LE GARDEUR,51228062,7644,1462,459,8.7905150372,5702,2.7946928953,5245,508,156,4.7446384917,3312,3.1374136977,2399,635,41,17.636126743,2390,2.319759298,954,303
2025-2026,1,15,Laurentides,CISSS DES LAURENTIDES,CENTRE MULTISERVICES DE SANTÉ ET DE SERVICES SOCIAUX D'ARGENTEUIL,51245306,1845,248,70,6.6736970792,1456,2.942301015,1507,143,40,4.7671813021,1119,3.350715917,338,52,13,15.174049967,337,1.586169634,105,30
2025-2026,1,15,Laurentides,CISSS DES LAURENTIDES,CENTRE MULTISERVICES DE SANTÉ ET DE SERVICES SOCIAUX DE RIVIÈRE-ROUGE,51217628,1249,176,72,6.6400538208,1083,3.2964578845,945,92,45,4.5839750147,788,3.4361079385,304,46,8,13.031483004,295,2.9234265537,84,27
2025-2026,1,15,Laurentides,CISSS DES LAURENTIDES,CENTRE MULTISERVICES DE SANTÉ ET DE SERVICES SOCIAUX DE SAINTE-AGATHE,51246874,2715,601,158,9.8486437487,2166,3.8939278752,1703,213,47,6.0350813923,1166,4.7783359539,1012,208,6,16.266130599,1000,2.8627080556,388,111
2025-2026,1,15,Laurentides,CISSS DES LAURENTIDES,HÔPITAL DE MONT-LAURIER,51217610,1641,264,78,8.7692741553,1289,4.065162055,1211,128,22,6.2687989724,866,4.4154112138,430,92,15,15.811310078,423,3.3481034936,136,56
2025-2026,1,15,Laurentides,CISSS DES LAURENTIDES,HÔPITAL DE SAINT-EUSTACHE,51228864,4917,1107,299,12.80758587,3573,3.7934951954,2747,270,56,6.7721056304,1416,5.365792726,2170,745,124,20.447891961,2157,2.7613332561,837,243
2025-2026,1,15,Laurentides,CISSS DES LAURENTIDES,HÔPITAL DE SAINT-JÉRÔME,51228880,5590,1098,571,15.869995329,4236,3.7295180857,3220,354,186,6.3777921843,1877,5.031844403,2370,946,489,28.766575129,2359,2.6932881164,744,385
2025-2026,1,16,Montérégie,CISSS DE LA MONTÉRÉGIE-CENTRE,HÔPITAL CHARLES-LE MOYNE,51233799,6701,1301,563,9.111033718,4347,4.0917829026,4292,440,199,4.9769236694,1944,4.6587404264,2409,532,17,16.476579724,2403,3.6331206362,861,364
2025-2026,1,16,Montérégie,CISSS DE LA MONTÉRÉGIE-CENTRE,HÔPITAL DU HAUT-RICHELIEU,51229045,5153,989,349,10.256927572,3879,3.740810776,3229,285,91,5.7433507966,1964,4.7994260579,1924,546,119,17.831948054,1915,2.65510821,704,258
2025-2026,1,16,Montérégie,CISSS DE LA MONTÉRÉGIE-EST,HÔPITAL HONORÉ-MERCIER,51229193,4306,930,261,9.3471325541,3283,4.2114609774,2192,302,88,5.2466228204,1201,5.2629070682,2114,333,48,13.598938295,2082,3.6049351585,628,173
2025-2026,1,16,Montérégie,CISSS DE LA MONTÉRÉGIE-EST,HÔPITAL PIERRE-BOUCHER,51229011,5357,1231,328,11.184725852,4062,4.8363306253,2492,356,90,6.5314929998,1219,6.3648698842,2865,567,76,15.232145143,2843,4.1809351428,875,238
2025-2026,1,16,Montérégie,CISSS DE LA MONTÉRÉGIE-EST,HÔTEL-DIEU DE SOREL,51229102,2998,521,161,8.5910852605,2300,3.0968985507,1833,190,44,4.3388047827,1151,3.7557908582,1165,265,39,15.281583214,1149,2.4368593463,331,117
2025-2026,1,16,Montérégie,CISSS DE LA MONTÉRÉGIE-OUEST,HÔPITAL ANNA-LABERGE,51229151,3270,726,229,15.485203874,2672,1.5987025948,1767,190,40,7.7732078853,1171,2.9338955309,1503,548,223,24.551801952,1501,0.5570564068,536,189
2025-2026,1,16,Montérégie,CISSS DE LA MONTÉRÉGIE-OUEST,HÔPITAL BARRIE MEMORIAL / BARRIE MEMORIAL HOSPITAL,51228005,1814,184,25,6.5224235881,1527,2.9500573019,1534,111,15,4.4219107634,1248,3.0344951923,280,89,15,18.030233135,279,2.5723566308,73,10
2025-2026,1,16,Montérégie,CISSS DE LA MONTÉRÉGIE-OUEST,HÔPITAL DU SUROÎT,51229136,3623,707,297,15.059669626,2877,2.1656023829,2053,173,154,4.1370028955,1366,2.845576094,1570,507,315,29.342621727,1511,1.5508809471,534,143
2026-2027,1,01,Bas-Saint-Laurent,CISSS DU BAS-SAINT-LAURENT,CENTRE HOSPITALIER RÉGIONAL DU GRAND-PORTAGE,51218352,2049,436,93,5.1094563744,1674,2.2643817204,1501,188,62,3.4530548153,1134,2.5897138938,548,8,0,9.6464248783,540,1.5811841564,248,31
2026-2027,1,01,Bas-Saint-Laurent,CISSS DU BAS-SAINT-LAURENT,CENTRE MULTISERVICES DE SANTÉ ET DE SERVICES SOCIAUX DE TROIS-PISTOLES,51236156,1066,138,39,3.4442294663,1003,1.3567237177,922,91,28,2.4641693782,859,1.4333294529,144,2,0,9.7193364198,144,0.8997492284,47,11
2026-2027,1,01,Bas-Saint-Laurent,CISSS DU BAS-SAINT-LAURENT,CLSC DE POHÉNÉGAMOOK,51219418,926,147,38,2.6855522558,867,1.3644434833,844,120,36,2.1519398368,788,1.4104219543,82,4,0,8.1778556911,79,0.9058227848,27,2
2026-2027,1,01,Bas-Saint-Laurent,CISSS DU BAS-SAINT-LAURENT,HÔPITAL D'AMQUI,51226892,1233,215,48,4.3834840497,1103,1.5036244585,885,94,29,3.0076619586,762,1.8020873432,348,19,2,7.882341954,341,0.836678071,121,19
2026-2027,1,01,Bas-Saint-Laurent,CISSS DU BAS-SAINT-LAURENT,HÔPITAL DE MATANE,51218980,1559,275,79,5.7448521132,1422,2.4518573215,1169,131,53,3.9768731584,1052,2.7303614808,390,55,13,11.044255698,370,1.6600022523,144,26
2026-2027,1,01,Bas-Saint-Laurent,CISSS DU BAS-SAINT-LAURENT,HÔPITAL DE NOTRE-DAME-DU-LAC,51221877,1191,255,37,4.7103048325,1004,1.924497012,903,129,16,3.0410086748,723,2.1314910865,288,18,0,9.9442438272,281,1.3919108343,126,21
2026-2027,1,01,Bas-Saint-Laurent,CISSS DU BAS-SAINT-LAURENT,HÔPITAL NOTRE-DAME-DE-FATIMA,51221141,1421,278,51,4.8323924857,1300,2.284274359,1110,163,35,3.5155785786,992,2.3778427419,311,19,0,9.5322749196,308,1.9829112554,115,16
2026-2027,1,01,Bas-Saint-Laurent,CISSS DU BAS-SAINT-LAURENT,HÔPITAL RÉGIONAL DE RIMOUSKI,51227882,2728,577,186,6.6772480857,2144,2.9823506167,1891,247,86,4.7134034021,1315,3.5333092522,837,82,0,11.114082371,829,2.1083933119,330,100
2026-2027,1,02,Saguenay-Lac-Saint-Jean,CIUSSS DU SAGUENAY - LAC-SAINT-JEAN,HÔPITAL D'ALMA,51219400,3347,593,131,5.0649107825,2704,2.9097586908,2626,353,80,3.9908838961,1992,3.1674025268,721,14,0,8.9766924796,712,2.1889349251,240,51
2026-2027,1,02,Saguenay-Lac-Saint-Jean,CIUSSS DU SAGUENAY - LAC-SAINT-JEAN,HÔPITAL DE CHICOUTIMI,51218394,4753,893,264,8.8766150618,4018,2.9846205962,2679,287,112,5.3302360956,1962,4.0122215143,2074,352,23,13.457497053,2056,2.0040014321,606,152
2026-2027,1,02,Saguenay-Lac-Saint-Jean,CIUSSS DU SAGUENAY - LAC-SAINT-JEAN,HÔPITAL DE DOLBEAU-MISTASSINI,51219384,1952,353,71,4.8268674579,1706,2.2660013677,1643,244,43,3.4363070603,1397,2.4494496143,309,43,10,12.220688601,309,1.4366253146,109,28
2026-2027,1,02,Saguenay-Lac-Saint-Jean,CIUSSS DU SAGUENAY - LAC-SAINT-JEAN,HÔPITAL DE LA BAIE,51221364,1792,264,66,5.8071327815,1604,2.8820809088,1345,127,40,4.5005857084,1161,3.1671370466,447,13,1,9.7384656972,443,2.1350150489,137,26
2026-2027,1,02,Saguenay-Lac-Saint-Jean,CIUSSS DU SAGUENAY - LAC-SAINT-JEAN,HÔPITAL ET CENTRE D'HÉBERGEMENT DE ROBERVAL,51228203,2171,348,110,6.7422075081,1900,2.8652418129,1448,141,28,4.2312968079,1188,3.028433642,723,84,3,11.77097472,712,2.5929498283,207,82
2026-2027,1,02,Saguenay-Lac-Saint-Jean,CIUSSS DU SAGUENAY - LAC-SAINT-JEAN,HÔPITAL ET CENTRE DE RÉADAPTATION DE JONQUIÈRE,51224541,2534,512,111,7.3073886258,1997,4.0075880487,1653,203,48,5.2313078914,1144,4.5008202214,881,36,0,11.202691071,853,3.3460902696,309,63
2026-2027,1,03,Capitale-Nationale,CHU DE QUÉBEC - UNIVERSITÉ LAVAL,CENTRE HOSPITALIER DE L'UNIVERSITÉ LAVAL,51217594,6841,693,646,8.5295118079,5722,2.0403700144,3761,126,218,5.1126831664,2659,2.9497905436,3080,319,79,12.701814574,3063,1.2508991729,567,428
2026-2027,1,03,Capitale-Nationale,CHU DE QUÉBEC - UNIVERSITÉ LAVAL,HÔPITAL DE L'ENFANT-JÉSUS,51233914,5549,1025,669,10.644988837,4785,1.9019601184,3113,342,183,4.2881442517,2376,2.4769290123,2436,612,129,18.768493432,2409,1.3348675107,683,486
2026-2027,1,03,Capitale-Nationale,CHU DE QUÉBEC - UNIVERSITÉ LAVAL,HÔPITAL DU SAINT-SACREMENT,51217529,3475,928,93,7.2362525979,2765,2.2308041993,2403,403,37,3.8680139409,1706,2.5441692719,1072,220,7,14.786511453,1059,1.7259875669,525,56
2026-2027,1,03,Capitale-Nationale,CHU DE QUÉBEC - UNIVERSITÉ LAVAL,HÔPITAL SAINT-FRANÇOIS D'ASSISE,51217602,3899,983,104,10.244524593,3301,2.1968549093,2190,290,51,4.991738965,1599,3.1749452783,1709,467,27,16.97571273,1702,1.2779556731,693,53
2026-2027,1,03,Capitale-Nationale,CHU DE QUÉBEC - UNIVERSITÉ LAVAL,L'HÔTEL-DIEU DE QUÉBEC,51217586,2069,511,73,7.7569585414,1845,1.664098916,1093,124,25,3.4695588086,877,1.9469419106,976,124,4,12.558319103,968,1.4078455005,387,48
2026-2027,1,03,Capitale-Nationale,CIUSSS DE LA CAPITALE-NATIONALE,CENTRE MULTISERVICES DE SANTÉ ET DE SERVICES SOCIAUX CHAUVEAU,51225001,3938,356,66,3.2232609616,2515,2.0672392313,3710,331,59,3.1341150045,2288,2.1705375874,228,0,0,4.6738377193,227,1.0260646109,25,7
2026-2027,1,03,Capitale-Nationale,CIUSSS DE LA CAPITALE-NATIONALE,CENTRE MULTISERVICES DE SANTÉ ET DE SERVICES SOCIAUX DE BAIE-SAINT-PAUL,51244804,1052,225,35,6.6328583122,874,2.1434544241,776,119,11,3.5466795533,601,2.4384151414,276,47,9,15.30994062,273,1.4941086691,106,24
2026-2027,1,03,Capitale-Nationale,CIUSSS DE LA CAPITALE-NATIONALE,CENTRE MULTISERVICES DE SANTÉ ET DE SERVICES SOCIAUX DE SAINT-MARC-DES-CARRIÈRES,51247344,1663,232,20,3.3541791942,1395,1.8316591,1413,144,16,2.7625267359,1149,2.0093349289,250,4,0,6.6981988889,246,1.001782972,88,4
2026-2027,1,03,Capitale-Nationale,CIUSSS DE LA CAPITALE-NATIONALE,CENTRE MULTISERVICES DE SANTÉ ET DE SERVICES SOCIAUX DE SAINT-RAYMOND,51247302,1655,256,31,5.0029362202,1283,2.2363691868,1250,129,13,3.5947975556,890,2.6475234082,405,21,4,9.3490432099,393,1.3052565734,127,18
2026-2027,1,03,Capitale-Nationale,CIUSSS DE LA CAPITALE-NATIONALE,CENTRE MULTISERVICES DE SANTÉ ET DE SERVICES SOCIAUX DE SAINTE-ANNE-DE-BEAUPRÉ,51225357,1428,192,12,3.9945603797,1036,2.1172163235,1192,114,6,3.0876682513,806,2.3365191618,236,10,1,8.5751341808,230,1.3487028986,78,6
2026-2027,1,03,Capitale-Nationale,CIUSSS DE LA CAPITALE-NATIONALE,HÔPITAL ET CLSC DE LA MALBAIE,51228690,1177,205,46,5.0230076466,1020,1.5509008715,970,130,26,3.0436386025,814,1.757493175,207,33,7,14.298311863,206,0.7345604099,75,20
2026-2027,1,03,Capitale-Nationale,INSTITUT UNIVERSITAIRE DE CARDIOLOGIE ET DE PNEUMOLOGIE DE QUÉBEC - UNIVERSITÉ LAVAL,INSTITUT UNIVERSITAIRE DE CARDIOLOGIE ET DE PNEUMOLOGIE DE QUÉBEC,51232130,2837,1005,65,8.1210130028,2615,2.2577432547,1485,347,40,4.1373148148,1268,2.7839072906,1352,141,0,12.49659866,1347,1.7624381341,658,25
2026-2027,1,04,Mauricie et Centre-du-Québec,CIUSSS DE LA MAURICIE-ET-DU-CENTRE-DU-QUÉBEC,CENTRE MULTISERVICES DE SANTÉ ET DE SERVICES SOCIAUX AVELLIN-DALCOURT,51233583,1926,313,54,4.1298113534,1458,2.3253372199,1641,172,27,3.3241189315,1176,2.668707483,285,8,1,8.7689035088,282,0.8934101655,141,27
2026-2027,1,04,Mauricie et Centre-du-Québec,CIUSSS DE LA MAURICIE-ET-DU-CENTRE-DU-QUÉBEC,CENTRE MULTISERVICES DE SANTÉ ET DE SERVICES SOCIAUX CHRIST-ROI,51246338,2045,240,62,4.9682565879,1530,3.4170860566,1579,123,33,4.2019940539,1089,3.8193870523,466,16,0,7.5646697663,441,2.423648904,117,29
2026-2027,1,04,Mauricie et Centre-du-Québec,CIUSSS DE LA MAURICIE-ET-DU-CENTRE-DU-QUÉBEC,CENTRE MULTISERVICES DE SANTÉ ET DE SERVICES SOCIAUX DE FORTIERVILLE,51219160,771,85,12,2.7697200605,502,2.302584108,708,71,8,2.6820621469,440,2.4637752525,63,0,0,3.7548280423,62,1.1586469534,14,4
2026-2027,1,04,Mauricie et Centre-du-Québec,CIUSSS DE LA MAURICIE-ET-DU-CENTRE-DU-QUÉBEC,CENTRE MULTISERVICES DE SANTÉ ET DE SERVICES SOCIAUX DU HAUT-SAINT-MAURICE,51219731,1038,175,59,5.4785926461,926,2.2068964483,743,99,38,3.3842100344,636,2.3196802935,295,15,0,10.753596987,290,1.9595498084,76,21
2026-2027,1,04,Mauricie et Centre-du-Québec,CIUSSS DE LA MAURICIE-ET-DU-CENTRE-DU-QUÉBEC,HÔPITAL DU CENTRE-DE-LA-MAURICIE,51220051,3185,696,212,7.3903039421,2407,2.2551972257,1952,232,53,3.9181807832,1182,3.3045614777,1233,176,4,12.887128278,1225,1.2426678005,464,159
2026-2027,1,04,Mauricie et Centre-du-Québec,CIUSSS DE LA MAURICIE-ET-DU-CENTRE-DU-QUÉBEC,HÔPITAL SAINTE-CROIX,51228781,3992,672,264,8.5564100423,2763,3.9134048136,2224,160,63,5.7960106914,1072,5.3143708541,1768,204,2,12.028767597,1691,3.0252702214,512,201
2026-2027,1,04,Mauricie et Centre-du-Québec,CIUSSS DE LA MAURICIE-ET-DU-CENTRE-DU-QUÉBEC,HÔTEL-DIEU D'ARTHABASKA,51228039,3433,751,197,6.9154428423,2748,2.5481380398,1931,227,42,4.6220035675,1274,3.611383656,1502,124,3,9.8639323495,1474,1.6291591286,524,155
2026-2027,1,04,Mauricie et Centre-du-Québec,CIUSSS DE LA MAURICIE-ET-DU-CENTRE-DU-QUÉBEC,PAVILLON SAINTE-MARIE,51220168,5476,1320,312,9.4520465567,4138,2.948761479,3073,350,105,5.0062163286,1754,4.3828313062,2403,471,25,15.137454917,2384,1.8936614467,970,207
2026-2027,1,05,Estrie,CIUSSS DE L'ESTRIE - CENTRE HOSPITALIER UNIVERSITAIRE DE SHERBROOKE,CENTRE MULTISERVICES DE SANTÉ ET DE SERVICES SOCIAUX DE LA MRC DE COATICOOK,51247617,1981,142,69,2.5131954961,1503,1.8521318474,1715,95,63,2.2548161646,1242,1.9555354267,266,1,1,4.1790622389,261,1.3600734355,47,6
2026-2027,1,05,Estrie,CIUSSS DE L'ESTRIE - CENTRE HOSPITALIER UNIVERSITAIRE DE SHERBROOKE,CENTRE MULTISERVICES DE SANTÉ ET DE SERVICES SOCIAUX DE MEMPHRÉMAGOG,51219046,2016,439,47,6.4301814649,1664,2.7941473024,1472,201,25,4.2587305631,1130,3.1813298918,544,76,19,12.305872141,534,1.9748283396,238,22
2026-2027,1,05,Estrie,CIUSSS DE L'ESTRIE - CENTRE HOSPITALIER UNIVERSITAIRE DE SHERBROOKE,CENTRE MULTISERVICES DE SANTÉ ET DE SERVICES SOCIAUX DES SOURCES,51247583,1492,238,64,4.7078548555,1271,3.2058473206,1287,164,51,4.0656306656,1066,3.425560246,205,5,0,8.7397696477,205,2.0633401084,74,13
2026-2027,1,05,Estrie,CIUSSS DE L'ESTRIE - CENTRE HOSPITALIER UNIVERSITAIRE DE SHERBROOKE,CENTRE MULTISERVICES DE SANTÉ ET DE SERVICES SOCIAUX DU GRANIT,51223832,1456,277,41,5.2151175214,1242,2.9802804616,1208,185,25,4.2236800957,994,3.2301950592,248,19,0,10.04437724,248,1.9786066308,92,16
2026-2027,1,05,Estrie,CIUSSS DE L'ESTRIE - CENTRE HOSPITALIER UNIVERSITAIRE DE SHERBROOKE,CHUS - HÔPITAL FLEURIMONT,51216687,4306,631,101,8.2534254529,3516,3.0509954494,2397,144,39,6.2210819079,1613,4.9241372184,1909,145,4,10.805299459,1903,1.4633035558,487,62
2026-2027,1,05,Estrie,CIUSSS DE L'ESTRIE - CENTRE HOSPITALIER UNIVERSITAIRE DE SHERBROOKE,CHUS - HÔTEL-DIEU DE SHERBROOKE,51216695,4032,962,451,11.414467593,3421,2.8200477443,2003,274,103,5.5308953237,1393,4.0359057191,2029,491,74,17.222646624,2028,1.984894806,688,348
2026-2027,1,05,Estrie,CIUSSS DE L'ESTRIE - CENTRE HOSPITALIER UNIVERSITAIRE DE SHERBROOKE,HÔPITAL BROME-MISSISQUOI-PERKINS,51229185,2489,501,73,8.733727289,2024,3.4457235397,1720,166,24,4.9858276809,1265,3.883338823,769,203,20,17.116545658,759,2.7163647343,335,49
2026-2027,1,05,Estrie,CIUSSS DE L'ESTRIE - CENTRE HOSPITALIER UNIVERSITAIRE DE SHERBROOKE,HÔPITAL DE GRANBY,51228120,3519,616,225,9.3811630514,2686,4.1136643708,2414,246,82,7.0645087683,1591,5.3444619038,1105,195,6,14.442161639,1095,2.325354896,370,143
2026-2027,1,06,Montréal,CENTRE HOSPITALIER DE L'UNIVERSITÉ DE MONTRÉAL,CENTRE HOSPITALIER DE L'UNIVERSITÉ DE MONTRÉAL,51236297,7325,1101,752,11.40621551,5579,2.4471360359,4200,302,245,6.7107459656,2474,3.8992853454,3125,857,57,17.716926578,3105,1.2900933977,799,507
2026-2027,1,06,Montréal,CENTRE HOSPITALIER UNIVERSITAIRE SAINTE-JUSTINE,CHU SAINTE-JUSTINE,51222800,6545,0,228,5.4484089636,5571,1.8887430443,3985,0,77,4.5324380315,3075,2.5101523939,2560,33,1,6.8742465278,2496,1.123184651,0,151
2026-2027,1,06,Montréal,CENTRE UNIVERSITAIRE DE SANTÉ MCGILL,HÔPITAL DE LACHINE,51228310,1814,361,46,11.13371769,1426,3.2102949197,1359,171,20,4.9359486142,972,3.5035493827,455,165,100,29.645296093,454,2.5824461576,190,26
2026-2027,1,06,Montréal,CENTRE UNIVERSITAIRE DE SANTÉ MCGILL,HÔPITAL GÉNÉRAL DE MONTRÉAL,51248219,3240,423,448,14.517447188,2810,1.39389828,1725,114,98,5.3673247987,1303,2.0191340496,1515,425,207,24.935903374,1507,0.8532996019,309,350
2026-2027,1,06,Montréal,CENTRE UNIVERSITAIRE DE SANTÉ MCGILL,HÔPITAL ROYAL VICTORIA,51223295,4541,825,125,16.93229367,3578,3.6679198497,2579,175,56,8.7113630391,1649,5.4482229971,1962,716,316,27.738501671,1929,2.1460329186,650,69
2026-2027,1,06,Montréal,CENTRE UNIVERSITAIRE DE SANTÉ MCGILL,L'HÔPITAL DE MONTRÉAL POUR ENFANTS,51223279,6643,2,277,5.5397929316,6192,1.4099563953,5083,0,101,4.3417959101,4634,1.6145632523,1560,94,1,9.4432665598,1558,0.8013888889,2,176
2026-2027,1,06,Montréal,CIUSSS DE L'EST-DE-L'ÎLE-DE-MONTRÉAL,HÔPITAL MAISONNEUVE-ROSEMONT,12934659,6310,1183,437,11.07178623,4377,3.5297825756,3904,349,106,4.9757357838,1978,4.9540635884,2406,858,174,20.963299506,2399,2.355448335,834,331
2026-2027,1,06,Montréal,CIUSSS DE L'EST-DE-L'ÎLE-DE-MONTRÉAL,HÔPITAL SANTA CABRINI,51235919,3366,856,124,11.386999901,2538,3.1657768584,1769,164,49,5.2456951511,949,4.9052701674,1597,458,43,18.189735094,1589,2.1268975946,692,75
2026-2027,1,06,Montréal,CIUSSS DE L'EST-DE-L'ÎLE-DE-MONTRÉAL,INSTITUT UNIVERSITAIRE EN SANTÉ MENTALE DE MONTRÉAL,51235307,469,15,468,14.852493485,453,1.147709713,231,4,230,2.8546897547,215,1.0869702842,238,93,36,26.497420635,238,1.2025793651,11,238
2026-2027,1,06,Montréal,CIUSSS DE L'OUEST-DE-L'ÎLE-DE-MONTRÉAL,CENTRE HOSPITALIER DE ST. MARY,51248243,3038,645,224,10.938951156,2591,2.737135276,1851,185,67,5.7248811453,1407,3.3880221906,1187,315,35,19.069737667,1184,1.9636573292,460,157
2026-2027,1,06,Montréal,CIUSSS DE L'OUEST-DE-L'ÎLE-DE-MONTRÉAL,HÔPITAL DE LASALLE,51224392,2485,395,77,8.9584786497,2008,3.3906983178,1851,154,29,5.6084909058,1379,4.060598461,634,176,32,18.738963372,629,1.9220301184,241,48
2026-2027,1,06,Montréal,CIUSSS DE L'OUEST-DE-L'ÎLE-DE-MONTRÉAL,HÔPITAL DOUGLAS,51235190,493,15,486,8.2982392382,462,1.6207611833,282,10,275,3.5270833333,251,1.6392374945,211,8,0,14.674855187,211,1.5987822538,5,211
2026-2027,1,06,Montréal,CIUSSS DE L'OUEST-DE-L'ÎLE-DE-MONTRÉAL,HÔPITAL GÉNÉRAL DU LAKESHORE,51228278,3503,906,147,16.19364513,2863,2.9639922187,1997,224,22,7.0430235631,1367,4.1005110542,1506,567,285,28.327636676,1496,1.9254753417,682,125
2026-2027,1,06,Montréal,CIUSSS DU CENTRE-OUEST-DE-L'ÎLE-DE-MONTRÉAL,HÔPITAL GÉNÉRAL JUIF,51248250,8669,1769,495,10.936683842,7498,2.6479353383,3259,226,55,4.0034291364,2197,2.9440801851,5410,925,310,15.113296981,5301,2.5251980758,1543,440
2026-2027,1,06,Montréal,CIUSSS DU CENTRE-SUD-DE-L'ÎLE-DE-MONTRÉAL,HÔPITAL DE VERDUN,51218097,3932,698,223,8.7534729287,3349,2.244307173,2641,251,99,4.6773218267,2061,2.8608098819,1291,327,25,17.092059342,1288,1.2578071084,447,124
2026-2027,1,06,Montréal,CIUSSS DU CENTRE-SUD-DE-L'ÎLE-DE-MONTRÉAL,HÔPITAL NOTRE-DAME,51236313,3421,503,479,11.438756536,3001,1.9319009404,2043,127,159,5.1324216838,1625,2.6883837607,1378,309,74,20.788424246,1376,1.0385255168,376,320
2026-2027,1,06,Montréal,CIUSSS DU NORD-DE-L'ÎLE-DE-MONTRÉAL,HÔPITAL DU SACRÉ-COEUR-DE-MONTRÉAL,12475976,6107,1292,303,12.782171916,4457,3.4556063496,4056,398,119,6.6755033695,2417,4.7386530593,2051,872,315,24.858548134,2040,1.9354475763,894,184
2026-2027,1,06,Montréal,CIUSSS DU NORD-DE-L'ÎLE-DE-MONTRÉAL,HÔPITAL EN SANTÉ MENTALE ALBERT-PRÉVOST,51848752,310,13,307,25.137635305,308,0.2646022727,131,5,129,4.0873409669,129,0.3591515935,179,118,58,40.543157976,179,0.1964633768,8,178
2026-2027,1,06,Montréal,CIUSSS DU NORD-DE-L'ÎLE-DE-MONTRÉAL,HÔPITAL FLEURY,51228492,2810,436,67,8.4588898774,2117,2.9983421246,2033,147,36,4.6079528065,1342,3.6986442292,777,232,20,18.534765122,775,1.7856899642,289,31
2026-2027,1,06,Montréal,CIUSSS DU NORD-DE-L'ÎLE-DE-MONTRÉAL,HÔPITAL JEAN-TALON,51228500,3565,510,265,7.8596489793,2564,2.901492893,2622,169,101,4.5568475083,1627,3.6973528307,943,248,19,17.043048191,937,1.519567473,341,164
2026-2027,1,06,Montréal,INSTITUT DE CARDIOLOGIE DE MONTRÉAL,INSTITUT DE CARDIOLOGIE DE MONTRÉAL,51248201,2100,568,68,8.1551353175,2024,1.7665872036,1463,290,61,4.0286521227,1387,1.9834542978,637,179,22,17.632442875,637,1.2943820862,278,7
2026-2027,1,07,Outaouais,CISSS DE L'OUTAOUAIS,CENTRE MULTISERVICES DE SANTÉ ET DE SERVICES SOCIAUX DE MANSFIELD-ET-PONTEFRACT,51245058,634,83,9,4.269646863,582,1.7284607675,606,77,8,4.1411431977,554,1.7332114922,28,0,0,7.0508333333,28,1.6344642857,6,1
2026-2027,1,07,Outaouais,CISSS DE L'OUTAOUAIS,CLSC ET CENTRE D'HÉBERGEMENT DE LA PETITE-NATION,51219491,924,154,22,3.2678989298,762,1.7301385244,871,132,20,3.1798163031,709,1.8000940291,53,0,0,4.7154454927,53,0.7943186583,22,2
2026-2027,1,07,Outaouais,CISSS DE L'OUTAOUAIS,HÔPITAL DE GATINEAU,51221703,3332,525,398,16.186256419,2133,7.4601810179,1817,154,87,8.7036242585,713,8.6473242948,1515,531,212,25.160475981,1420,6.8641013302,371,311
2026-2027,1,07,Outaouais,CISSS DE L'OUTAOUAIS,HÔPITAL DE HULL,51221711,3033,661,113,14.603829725,2118,5.6279301752,1673,135,63,8.6278745766,840,6.3254285714,1360,460,147,21.955133374,1278,5.1694805251,526,50
2026-2027,1,07,Outaouais,CISSS DE L'OUTAOUAIS,HÔPITAL DE MANIWAKI,51221893,1235,149,97,7.1505299145,1030,2.4473082524,940,72,56,3.5891465721,739,2.5533382198,295,65,29,18.498666667,291,2.1780431462,77,41
2026-2027,1,07,Outaouais,CISSS DE L'OUTAOUAIS,HÔPITAL ET CHSLD DE PAPINEAU,51228823,2142,291,84,9.3398971626,1583,4.6970072647,1548,121,31,5.4487982702,1002,5.1971240852,594,153,53,19.4803367,581,3.8344994263,170,53
2026-2027,1,07,Outaouais,CISSS DE L'OUTAOUAIS,HÔPITAL ET CHSLD DU PONTIAC,51219459,1052,127,36,5.1317165716,893,2.332109618,946,93,28,4.2644964177,789,2.3666490635,106,10,0,12.871247379,104,2.0700747863,34,8
2026-2027,1,07,Outaouais,CISSS DE L'OUTAOUAIS,HÔPITAL ET CHSLD MÉMORIAL DE WAKEFIELD / WAKEFIELD MEMORIAL HOSPITAL,51228799,1651,152,42,5.6165810283,1254,3.4655710615,1460,100,36,4.5297945205,1066,3.5734193246,191,21,5,13.923954334,188,2.8540484634,52,6
2026-2027,1,08,Abitibi-Témiscamingue,CISSS DE L'ABITIBI-TÉMISCAMINGUE,CENTRE MULTISERVICES DE SANTÉ ET DE SERVICES SOCIAUX DE LA SARRE,51247559,1587,232,89,5.1888855633,1338,2.4104141754,1214,118,62,4.0001587955,970,2.6050827606,373,23,1,9.0578246947,368,1.8972931763,114,27
2026-2027,1,08,Abitibi-Témiscamingue,CISSS DE L'ABITIBI-TÉMISCAMINGUE,CENTRE MULTISERVICES DE SANTÉ ET DE SERVICES SOCIAUX DE TÉMISCAMING-KIPAWA,51247476,484,78,26,3.5984050735,452,1.3890253196,454,69,23,2.8923825257,422,1.4137453923,30,6,0,14.28287963,30,1.0412962963,9,3
2026-2027,1,08,Abitibi-Témiscamingue,CISSS DE L'ABITIBI-TÉMISCAMINGUE,CENTRE MULTISERVICES DE SANTÉ ET DE SERVICES SOCIAUX DE VILLE-MARIE,51247542,1060,163,76,6.08476913,894,3.3698819289,897,106,54,4.8203353772,734,3.5074409628,163,22,4,13.043033401,160,2.7388298611,57,22
2026-2027,1,08,Abitibi-Témiscamingue,CISSS DE L'ABITIBI-TÉMISCAMINGUE,HÔPITAL D'AMOS,51228906,1989,221,98,4.603906346,1869,1.7107232031,1473,112,58,3.0386407181,1359,1.9599517619,516,33,1,9.0721936908,510,1.0466023965,109,40
2026-2027,1,08,Abitibi-Témiscamingue,CISSS DE L'ABITIBI-TÉMISCAMINGUE,HÔPITAL DE ROUYN-NORANDA,51228922,2217,320,123,6.9433626522,1734,3.5997012367,1787,191,84,5.5471984393,1313,4.0452614877,430,63,1,12.74556137,421,2.2101035893,129,39
2026-2027,1,08,Abitibi-Témiscamingue,CISSS DE L'ABITIBI-TÉMISCAMINGUE,HÔPITAL DE VAL-D'OR,51225589,2595,389,150,7.6627213659,2068,3.834870648,2158,227,110,5.8188806508,1632,4.3531232979,437,104,23,16.768003432,436,1.8949891692,162,40
2026-2027,1,09,Côte-Nord,CISSS DE LA CÔTE-NORD,CENTRE MULTISERVICES DE SANTÉ ET DE SERVICES SOCIAUX DE FERMONT,51245108,550,4,47,4.2003373737,497,2.4791364856,508,4,42,3.9103001969,455,2.5481129426,42,1,1,7.7084060847,42,1.7318915344,0,5
2026-2027,1,09,Côte-Nord,CISSS DE LA CÔTE-NORD,CENTRE MULTISERVICES DE SANTÉ ET DE SERVICES SOCIAUX DE FORESTVILLE,51218741,938,126,40,3.7581748993,776,1.8914450888,800,89,32,2.7783826389,648,2.0480482682,138,19,0,9.4381300322,128,1.0986414931,37,8
2026-2027,1,09,Côte-Nord,CISSS DE LA CÔTE-NORD,CENTRE MULTISERVICES DE SANTÉ ET DE SERVICES SOCIAUX DE LA BASSE-CÔTE-NORD,51245140,365,53,11,3.0474680365,353,1.3661693421,311,36,9,2.8404456949,299,1.452006689,54,0,0,4.2397633745,54,0.8908847737,17,2
2026-2027,1,09,Côte-Nord,CISSS DE LA CÔTE-NORD,CENTRE MULTISERVICES DE SANTÉ ET DE SERVICES SOCIAUX DE LA MINGANIE,51245116,718,82,30,4.8458379759,643,2.0524053914,325,29,8,2.682025641,259,2.0214307164,393,23,1,6.635250212,384,2.0732971644,53,22
2026-2027,1,09,Côte-Nord,CISSS DE LA CÔTE-NORD,CENTRE MULTISERVICES DE SANTÉ ET DE SERVICES SOCIAUX DE PORT-CARTIER,51245132,1166,115,54,7.0968191347,978,3.7595441377,1044,82,46,5.1487851213,859,3.9608986548,122,25,13,23.766880692,119,2.3060690943,33,8
2026-2027,1,09,Côte-Nord,CISSS DE LA CÔTE-NORD,CENTRE MULTISERVICES DE SANTÉ ET DE SERVICES SOCIAUX DES ESCOUMINS,51218733,803,126,28,4.2133751903,708,1.7650839611,703,95,21,3.3277943733,608,1.8566059028,100,9,0,10.439008333,100,1.2086305556,31,7
2026-2027,1,09,Côte-Nord,CISSS DE LA CÔTE-NORD,CLSC ET HÔPITAL LE ROYER,51228765,2013,315,145,9.7012597284,1667,3.7171062454,1458,142,77,5.7906999695,1113,4.36740591,555,153,62,19.974405906,554,2.4106377858,173,68
2026-2027,1,09,Côte-Nord,CISSS DE LA CÔTE-NORD,HÔPITAL ET CLSC DE SEPT-ÎLES,51232023,2007,250,174,10.664392681,1502,3.8963269345,1474,111,92,5.6328686115,978,4.4584895478,533,180,95,24.578963936,524,2.8470997668,139,82
2026-2027,1,10,Nord-du-Québec,CENTRE RÉGIONAL DE SANTÉ ET DE SERVICES SOCIAUX DE LA BAIE-JAMES,CENTRE DE SANTÉ DE CHIBOUGAMAU,51218501,864,86,76,5.8162882587,789,1.4430657654,604,47,26,3.2312831126,535,1.6646116303,260,18,6,11.82145406,254,0.9764238845,39,50
2026-2027,1,10,Nord-du-Québec,CENTRE RÉGIONAL DE SANTÉ ET DE SERVICES SOCIAUX DE LA BAIE-JAMES,CENTRE DE SANTÉ ISLE-DIEU,51218535,355,36,32,2.1909115806,344,0.6065568475,354,36,32,2.155495135,343,0.6045262391,1,0,0,14.728333333,1,1.3030555556,0,0
2026-2027,1,10,Nord-du-Québec,CENTRE RÉGIONAL DE SANTÉ ET DE SERVICES SOCIAUX DE LA BAIE-JAMES,CENTRE DE SANTÉ LEBEL,51218527,521,52,31,2.876009277,512,1.1132166884,482,49,28,1.845552674,473,0.9512391355,39,7,3,15.611396011,39,3.0777136752,3,3
2026-2027,1,10,Nord-du-Québec,CENTRE RÉGIONAL DE SANTÉ ET DE SERVICES SOCIAUX DE LA BAIE-JAMES,CENTRE DE SANTÉ RENÉ-RICARD,51218519,267,31,29,1.4716853933,260,0.4000576923,246,27,27,1.1559157633,239,0.3796385402,21,0,0,5.1707010582,21,0.6324470899,4,2
2026-2027,1,11,Gaspésie-Îles-de-la-Madeleine,CISSS DE LA GASPÉSIE,CENTRE MULTISERVICES DE SANTÉ ET DE SERVICES SOCIAUX DE GRANDE-VALLÉE,51247732,642,113,18,2.1162707684,472,1.0716913842,608,101,16,1.8289295504,439,1.1167527208,34,2,0,7.2546078431,33,0.4722390572,12,2
2026-2027,1,11,Gaspésie-Îles-de-la-Madeleine,CISSS DE LA GASPÉSIE,CLSC ET CENTRE DE SERVICES AMBULATOIRES DE MURDOCHVILLE,51221307,223,28,16,2.2416542103,215,0.6714586563,213,26,16,2.1920252999,206,0.6833387271,10,0,0,3.29875,9,0.399537037,2,0
2026-2027,1,11,Gaspésie-Îles-de-la-Madeleine,CISSS DE LA GASPÉSIE,CLSC ET CENTRE DE SERVICES AMBULATOIRES DE PASPÉBIAC,51220978,1052,179,38,4.8302516371,969,2.125665348,815,119,29,3.6720047716,740,2.2901411411,237,18,2,8.8132524613,229,1.5941715187,60,9
2026-2027,1,11,Gaspésie-Îles-de-la-Madeleine,CISSS DE LA GASPÉSIE,HÔPITAL DE CHANDLER,51227775,1422,282,61,7.3879680419,1221,2.5264095914,1205,194,45,4.6279983864,1004,2.6983850708,217,81,21,22.71406682,217,1.7307258065,88,16
2026-2027,1,11,Gaspésie-Îles-de-la-Madeleine,CISSS DE LA GASPÉSIE,HÔPITAL DE GASPÉ,51220903,1285,204,36,6.5341095979,1072,1.7834432007,1029,108,23,3.9697505669,820,2.0177123984,256,72,11,16.841630859,252,1.0211386684,96,13
2026-2027,1,11,Gaspésie-Îles-de-la-Madeleine,CISSS DE LA GASPÉSIE,HÔPITAL ET CLSC DE SAINTE-ANNE-DES-MONTS,51247799,1148,224,53,6.1090609272,1067,2.0072381027,911,139,35,3.369453287,832,2.2019010417,237,54,17,16.63978903,235,1.3180484634,85,18
2026-2027,1,11,Gaspésie-Îles-de-la-Madeleine,CISSS DE LA GASPÉSIE,HÔPITAL ET GROUPE DE MÉDECINE DE FAMILLE UNIVERSITAIRE DE MARIA,51227908,1354,275,81,8.3529745199,1239,1.8802851762,983,129,40,3.6143941449,869,2.1092708733,371,122,37,20.908296646,370,1.3424782282,146,41
2026-2027,1,11,Gaspésie-Îles-de-la-Madeleine,CISSS DES ÎLES,HÔPITAL DE L'ARCHIPEL,51227783,1183,197,40,4.7614745938,1059,1.5865061379,917,109,26,3.2590942688,795,1.7125852551,266,20,0,9.9407330827,264,1.206836069,88,14
2026-2027,1,12,Chaudière-Appalaches,CISSS DE CHAUDIÈRE-APPALACHES,CHSLD ET HÔPITAL PAUL-GILBERT,51245199,3772,368,66,2.9171468128,2906,1.986000325,3754,368,66,2.9145221393,2888,1.9962481725,18,0,0,3.464537037,18,0.3417901235,0,0
2026-2027,1,12,Chaudière-Appalaches,CISSS DE CHAUDIÈRE-APPALACHES,HÔPITAL DE MONTMAGNY,51245223,2918,548,84,6.107332172,2696,1.6572571505,2252,295,47,3.0181866736,2031,1.9641970294,666,149,59,16.552911245,665,0.7198212197,253,37
2026-2027,1,12,Chaudière-Appalaches,CISSS DE CHAUDIÈRE-APPALACHES,HÔPITAL DE SAINT-GEORGES,51228971,3890,766,215,8.205402028,3156,2.9238012252,2625,330,96,4.9107539683,1898,3.815438766,1265,248,41,15.04212231,1258,1.5785484013,436,119
2026-2027,1,12,Chaudière-Appalaches,CISSS DE CHAUDIÈRE-APPALACHES,HÔPITAL DE THETFORD,51245231,3761,710,129,6.8672913528,3420,2.3392483756,2965,391,67,4.8743213416,2626,2.6709894643,796,149,7,14.290854271,794,1.242079485,319,62
2026-2027,1,12,Chaudière-Appalaches,CISSS DE CHAUDIÈRE-APPALACHES,HÔTEL-DIEU DE LÉVIS,51227569,6943,1513,480,9.0864452206,6306,1.5229827413,4638,558,229,3.6864544703,4002,1.9327303015,2305,635,246,19.952023138,2304,0.8112597656,955,251
2026-2027,1,13,Laval,CISSS DE LAVAL,HÔPITAL DE LA CITÉ-DE-LA-SANTÉ,51228757,7847,1675,545,11.719064858,6044,3.8563675638,4647,530,110,6.1183102599,2864,4.9690584264,3200,1008,156,19.852410677,3180,2.8542459818,1145,435
2026-2027,1,14,Lanaudière,CISSS DE LANAUDIÈRE,HÔPITAL DE LANAUDIÈRE ET CENTRE D'HÉBERGEMENT PARPHILIA-FERLAND,51244945,6692,1292,495,8.5671286611,5268,2.5201935164,4295,402,313,5.1726859397,2889,3.420233068,2397,493,12,14.649369582,2379,1.4272072766,890,182
2026-2027,1,14,Lanaudière,CISSS DE LANAUDIÈRE,HÔPITAL PIERRE-LE GARDEUR,51228062,7489,1504,433,10.835471692,5013,4.2308932331,5251,552,179,6.1212352145,2780,5.0568052558,2238,900,133,21.896443873,2233,3.2026642036,952,254
2026-2027,1,15,Laurentides,CISSS DES LAURENTIDES,CENTRE MULTISERVICES DE SANTÉ ET DE SERVICES SOCIAUX D'ARGENTEUIL,51245306,1750,296,69,8.9061149206,1251,3.4076081357,1319,139,39,5.1233571308,824,4.0696918824,431,140,40,20.482582495,427,2.1299570648,157,30
2026-2027,1,15,Laurentides,CISSS DES LAURENTIDES,CENTRE MULTISERVICES DE SANTÉ ET DE SERVICES SOCIAUX DE RIVIÈRE-ROUGE,51217628,1151,163,77,5.936785404,1007,2.5367670749,856,94,35,3.7987694704,718,2.7609710616,295,43,6,12.140655367,289,1.9797481738,69,42
2026-2027,1,15,Laurentides,CISSS DES LAURENTIDES,CENTRE MULTISERVICES DE SANTÉ ET DE SERVICES SOCIAUX DE SAINTE-AGATHE,51246874,2800,622,165,10.99429881,2207,4.0122116498,1750,223,56,6.3960820635,1168,5.2444808314,1050,300,33,18.657993386,1039,2.6269465833,399,109
2026-2027,1,15,Laurentides,CISSS DES LAURENTIDES,HÔPITAL DE MONT-LAURIER,51217610,1547,274,89,8.4265273289,1320,2.6151763468,1098,125,38,5.1041153107,874,2.8804122171,449,111,10,16.551267632,446,2.0954091928,149,51
2026-2027,1,15,Laurentides,CISSS DES LAURENTIDES,HÔPITAL DE SAINT-EUSTACHE,51228864,5028,1117,300,11.99370956,3773,3.2962356068,2960,337,71,6.0070944069,1718,4.5605777066,2068,707,143,20.562559102,2055,2.2392333063,780,229
2026-2027,1,15,Laurentides,CISSS DES LAURENTIDES,HÔPITAL DE SAINT-JÉRÔME,51228880,5904,1193,559,13.989669904,4302,3.6745782969,3619,414,183,6.117950938,2024,4.7614931928,2285,865,397,26.456956966,2278,2.7088558433,779,376
2026-2027,1,16,Montérégie,CISSS DE LA MONTÉRÉGIE-CENTRE,HÔPITAL CHARLES-LE MOYNE,51233799,6707,1338,605,10.542362457,4134,5.0085925657,4314,469,210,6.4147839721,1743,6.175924651,2393,600,58,17.983387775,2391,4.1576265161,869,395
2026-2027,1,16,Montérégie,CISSS DE LA MONTÉRÉGIE-CENTRE,HÔPITAL DU HAUT-RICHELIEU,51229045,5336,1088,364,10.873325577,3769,4.2135651956,3295,305,90,6.042017535,1731,5.6393160665,2041,559,146,18.673012004,2038,3.0025864137,783,274
2026-2027,1,16,Montérégie,CISSS DE LA MONTÉRÉGIE-EST,HÔPITAL HONORÉ-MERCIER,51229193,4767,954,254,8.7516283826,3412,4.5985313273,2776,375,117,5.1346611832,1463,5.3927992329,1991,366,43,13.794672554,1949,4.0023209908,579,137
2026-2027,1,16,Montérégie,CISSS DE LA MONTÉRÉGIE-EST,HÔPITAL PIERRE-BOUCHER,51229011,5289,1300,314,13.545099893,3936,5.2501185637,2635,417,95,6.9054754375,1295,6.464464822,2654,801,259,20.137191242,2641,4.6546704741,883,219
2026-2027,1,16,Montérégie,CISSS DE LA MONTÉRÉGIE-EST,HÔTEL-DIEU DE SOREL,51229102,2787,499,147,9.9254230953,2120,4.1805476939,1737,180,38,5.6690822299,1081,5.2346142975,1050,272,31,16.966626984,1039,3.0838720458,319,109
2026-2027,1,16,Montérégie,CISSS DE LA MONTÉRÉGIE-OUEST,HÔPITAL ANNA-LABERGE,51229151,3607,724,269,14.200268382,2628,3.9932973956,2300,209,96,6.454363285,1326,5.4388821854,1307,551,222,27.831164881,1302,2.5210658815,515,173
2026-2027,1,16,Montérégie,CISSS DE LA MONTÉRÉGIE-OUEST,HÔPITAL BARRIE MEMORIAL / BARRIE MEMORIAL HOSPITAL,51228005,1745,180,31,5.7511875199,1491,2.7905907668,1412,88,18,3.9530108986,1159,2.9194072956,333,50,6,13.375888388,332,2.340896921,92,13
2026-2027,1,16,Montérégie,CISSS DE LA MONTÉRÉGIE-OUEST,HÔPITAL DU SUROÎT,51229136,3944,739,327,12.384300555,3241,1.9614062875,2706,263,155,4.162674612,2004,2.4163967898,1238,425,257,30.354995064,1237,1.2242996048,476,172
